osmid,lat,lon
3856230400,7.9901821,6.9007565
7942940674,8.1632472,6.7849219
7942940675,8.1601496,6.7850333
7942940678,8.1607689,6.7841139
7942940679,8.1595316,6.7822304
10242385927,8.0464068,6.8316626
5991573516,8.0264734,6.7955033
10201946125,8.1069912,6.761804
10242385938,8.0468274,6.8331175
10242385940,8.0456693,6.8330298
10242385947,8.046455,6.8330946
5210351645,8.1641993,6.7974489
5725071390,7.9248254,6.8670961
5210351647,8.1634212,6.7880595
10200387618,8.0374853,6.8742362
10200387619,8.0370561,6.8751782
10242385956,8.047665,6.8334302
10242385958,8.0477779,6.8335042
6003273767,7.8536889,6.9187138
10242385959,8.0476529,6.8335199
3856230439,8.0030079,6.8927874
10242510890,8.0622848,6.8154173
10242385964,8.0476837,6.8328725
10242510896,8.0630523,6.8165865
10209945648,8.0033293,6.8924072
10217150514,8.0943993,6.8006529
10242385972,8.0452215,6.8312942
10200387637,8.0374946,6.8720287
5725071413,7.9773535,6.8605086
5210351671,8.1664639,6.7872756
10209945658,8.0041669,6.892286
5210351676,8.1647288,6.7861018
10214701118,7.9677588,6.9229598
5975353410,7.9331963,6.9174304
5210351683,8.1618649,6.7833926
10214701124,7.966177,6.9242967
10209962055,8.0118553,6.8816961
5210351688,8.1612979,6.7855529
5975353416,7.9304742,6.9158446
5210351693,8.158919,6.7787674
6069276749,8.0637546,6.7812283
7942961231,8.1783051,6.77894
5210351696,8.158688,6.7740091
10162024528,8.0553151,7.0475471
10200387670,8.0369475,6.8750891
7942961239,8.1854946,6.7801737
7942961243,8.1867649,6.7816262
7942961248,8.187945,6.7854872
5210351718,8.1839156,6.7550164
7942961254,8.1662595,6.786308
5210351724,8.1854297,6.7531829
5210349677,8.0894537,6.764707
10214701178,7.9619171,6.9268
10214701179,7.9620232,6.9318154
10189140094,7.857745,6.9431636
7603085442,8.045514,6.9535873
10250524811,7.9367959,6.8662512
10250524816,7.9368227,6.8654158
10250524817,7.937309,6.866262
10213904529,7.9335167,6.9561254
10250524822,7.9377788,6.8660903
10225696918,7.9299907,6.9153703
10225696922,7.929733,6.915743
10225696923,7.9298868,6.9158552
10225696926,7.9294884,6.9161676
10250524834,7.9399556,6.8623274
7942961315,8.1691415,6.7886422
10225662116,7.9301976,6.9155116
5210351781,8.1930209,6.7450551
10250524838,7.9398381,6.8634779
10225696935,7.9292383,6.9167849
10267695272,8.0218115,6.790849
6095599780,8.169857,6.7413716
10231011498,7.9713158,6.9161537
10225696939,7.9289201,6.9164348
7942961317,8.1694508,6.7893255
7942961320,8.1695185,6.7888682
6095599785,8.1705585,6.7407876
6095599786,8.1718004,6.7391548
10225696946,7.9288419,6.9155111
7942961332,8.1693751,6.7881292
10225696951,7.9297228,6.9151364
10225696952,7.9295278,6.9160607
10231011513,7.9654008,6.9181182
5974898874,7.9848116,6.7901482
10214701244,7.9660954,6.9243717
5974788285,7.9358791,6.7947062
5974898877,7.9841199,6.7901676
5974898878,7.9839393,6.7901407
10225696958,7.9288622,6.91598
10207043777,8.0250079,6.9033457
3856201924,7.895812,6.8559392
10225696965,7.9282027,6.9160759
7942961349,8.1791082,6.7909791
10240299207,8.0627153,6.8504617
5974788297,7.9376703,6.7947451
10267695307,8.0219848,6.7910019
10167914700,7.9869169,6.7905015
5974788301,7.938147,6.7946354
10233403605,8.0888982,6.76514
10242410711,8.0466344,6.8342561
10225696984,7.9303054,6.9168616
10242410713,8.0466546,6.833838
10213904601,7.9334123,6.9564347
10242128087,8.0608821,6.783923
10207516892,8.0020529,6.9474172
10225696989,7.9312196,6.9163682
10213904605,7.9330769,6.9561702
10214701276,7.967126,6.9292128
10225696993,7.9306723,6.9166895
10214924514,7.9861953,6.9042142
10185634017,8.0376221,6.890088
10225696997,7.9310554,6.9162313
7603085542,8.0909174,6.9841777
10185634021,8.0384614,6.8934113
6097588456,8.0902845,6.8018087
6027948269,8.1003222,6.7527661
6027948270,8.1003588,6.753699
10225697007,7.932105,6.9168631
10225697006,7.9306019,6.9173647
10201946349,8.1202282,6.7511979
10182004978,8.0964531,6.7936707
10225697017,7.9305806,6.9171267
10225697018,7.9310965,6.9170934
7942961405,8.1658028,6.7991987
10214711552,7.9622274,6.9262279
10225697025,7.9314508,6.9165217
10214711555,7.9619946,6.9267264
10214711556,7.9625056,6.9262987
10225697031,7.9288112,6.9146301
10225697034,7.9291366,6.914406
10235552012,8.0809797,6.8077108
10209956109,8.0155328,6.8903462
10235552014,8.0812742,6.8083693
10235552015,8.081869,6.8091433
5974921487,8.0644937,6.7822141
5974921486,8.0645743,6.7817861
10209956110,8.0156115,6.8903065
10225697041,7.9285473,6.9137433
10235552020,8.0808339,6.8069484
10235552021,8.0804336,6.8063997
5975269645,7.9752684,6.8625176
10235552023,8.07982,6.8057559
10235552024,8.0828561,6.8063081
10235552025,8.0824638,6.8057715
10235552026,8.082072,6.8052372
10208499991,8.0678836,6.8381711
10156857625,7.9721446,6.957972
5975269658,7.9768613,6.865314
10235552030,8.0812109,6.8042152
10235552031,8.0811727,6.8074971
10214701340,7.9696998,6.9202598
10235552033,8.0836533,6.8057296
10235552034,8.0838048,6.8059462
10214701343,7.9695397,6.9198529
10214701348,7.969642,6.9191747
10235552037,8.0827644,6.8029413
10235552038,8.0847484,6.8052762
10209909032,8.0047914,6.889332
5974898989,7.9821543,6.7902963
10225697073,7.9300172,6.9140955
10209909042,8.006308,6.8888545
10209956149,8.0135604,6.8962709
3799447861,7.8568775,6.9413713
10209909049,8.0005713,6.8951625
10209909051,8.0004624,6.8956035
10209909057,8.0007692,6.8970252
10225697090,7.9310474,6.9157041
10225697091,7.9314815,6.9159233
5974899012,7.9835536,6.7889273
10184384835,8.0452494,6.8406251
10225697094,7.931643,6.9155297
10225697098,7.9313778,6.9149023
10184384844,8.0462351,6.8409235
10187966797,7.9734043,6.8631899
10184384846,8.0465237,6.8409235
10184384856,8.0478187,6.8409164
10207027546,8.0325794,6.8829041
7942961504,8.1634502,6.7878973
7942961513,8.1596059,6.7851037
7942961516,8.1617088,6.7860708
10209956205,8.002478,6.8998688
10209907053,8.0012358,6.897652
7942961517,8.1591533,6.7849696
7942961521,8.1566907,6.7838833
10188034418,8.006469,6.8571424
7942961522,8.1577368,6.7848395
10214701425,7.9655527,6.9315922
7942961524,8.157916,6.7844143
6130995574,7.8671791,6.8705081
10157582711,7.9873022,6.9028154
7942961525,8.1580903,6.784209
10188034425,8.0066891,6.8576753
10188034426,8.0064929,6.8571773
10197334389,7.8646002,6.883622
10209956220,8.002988,6.9017705
10213904766,7.9341962,6.9556029
6130995583,7.8680647,6.870689
10213904768,7.9341161,6.9561603
3874539905,8.1783263,6.9334441
10207027584,8.0224653,6.8841531
10213904769,7.9346996,6.9564114
7942961537,8.1594054,6.7801637
10248671622,8.0662879,6.837619
6130995591,7.8672426,6.8711035
3874539911,8.1805387,6.9666537
10248671626,8.0665024,6.837936
10213904778,7.934168,6.9554575
10248671630,8.0664416,6.8373555
10209956243,8.0048818,6.9014245
10213904787,7.9335336,6.9560118
10213904788,7.9341928,6.9558831
10213904791,7.9342868,6.9557167
10213904793,7.9341072,6.955485
6130538907,7.8468982,6.7958399
6130538908,7.8449406,6.7953269
10248671643,8.0658601,6.8374665
10213904797,7.9338686,6.9552311
10213904798,7.9344525,6.9551376
7942961565,8.151423,6.7809033
5974600097,8.1064416,6.7638807
6027950499,8.1001958,6.7539465
6027950500,8.1003237,6.7524258
10261060003,8.0504099,6.8452844
5974600102,8.1062982,6.7650729
10213886375,7.9366135,6.9578918
5975073192,7.9373734,6.8653215
10261115305,8.0109141,6.8551415
5973729706,7.86925,6.870836
10214664615,7.9515077,6.934894
10261115310,8.0063128,6.8592139
10264760751,8.034693,6.7930359
10223276463,8.0077267,6.867249
6026273205,7.9612607,6.7944349
10264760758,8.0352672,6.7928073
10260996534,8.0455919,6.8353528
10261115323,8.0065349,6.8577777
7942961595,8.1489888,6.7734652
10264760768,8.0348457,6.7935858
10264760769,8.0346136,6.7936004
10264760770,8.0344834,6.7936044
7942961603,8.1461725,6.7712688
10213904836,7.9344185,6.9570328
10260996548,8.0445266,6.8353688
10213904838,7.9342734,6.956929
6663123401,8.1665174,6.787411
10264760777,8.0357055,6.7931647
10213904843,7.9334898,6.9565319
6026273228,7.9579729,6.7939466
6663123404,8.1664028,6.7875445
10213904845,7.9333479,6.9565383
10213904846,7.9340179,6.95676
5975073229,7.9438863,6.8649279
10260996560,8.0483563,6.8350625
5975073235,7.9432433,6.8667356
10264760789,8.0355118,6.792746
5974630870,7.903285,6.7965753
10261115350,8.0110949,6.8555498
10209956314,8.000292,6.8954494
6026273242,7.9568299,6.7938029
10264760795,8.0360114,6.7924501
5974630883,7.9040309,6.7971057
6130995689,7.8673564,6.8716612
7942961645,8.1507313,6.779872
10260996591,8.0474379,6.8344169
7942961651,8.1552038,6.7786691
10214234617,7.9629619,6.9466579
10209956346,8.0027047,6.8924596
10213904890,7.9343071,6.9575318
6069144061,8.0085574,6.8560522
10188034559,8.0044995,6.8592989
10213904895,7.934605,6.9570679
10184606209,7.9740219,6.860164
10188034562,8.0045666,6.8589629
10188034563,8.0049989,6.8597442
10260996608,8.045533,6.8394396
10260996614,8.0470868,6.8342793
10188034567,8.0053246,6.8591656
10214238726,7.9654728,6.9661412
5974952457,7.9261271,6.8672648
10188034571,8.0054064,6.8585745
10188034572,8.0056496,6.8591032
10260996620,8.0490495,6.8375663
10188034574,8.0053574,6.8591877
10188034578,8.0044924,6.8589538
10188034579,8.0093575,6.8568206
6130995730,7.8685503,6.8725015
10260677141,7.8489072,6.921387
6130995733,7.868976,6.8726657
10188034582,8.0090292,6.8565845
10207056406,7.9890988,6.9010558
6130993689,7.8674974,6.8722647
6130995737,7.8687084,6.8722306
6130995739,7.868543,6.8719845
10207402521,7.9806978,6.9101106
7698768414,8.0359187,6.9358282
6130995743,7.8679956,6.8719938
10178374179,8.1041513,6.8267979
10259532328,7.8785113,6.9405996
10259532333,7.8786376,6.9410812
6130539054,7.8330166,6.7822257
7698768436,8.0240704,6.9347077
6067278391,8.0483015,6.8363776
6067278392,8.0466869,6.8359923
10213904953,7.9358219,6.9548725
10214234683,7.9553614,6.9407892
10214234686,7.955271,6.9403926
10240322113,8.0668084,6.8433079
6067278402,8.045255,6.8349579
10207001721,8.0365476,6.888869
10213904965,7.9354606,6.9563551
6067278406,8.044028,6.8355802
10207001722,8.0367309,6.8888336
5725071947,8.0961354,6.7915398
6067278412,8.0420051,6.8377624
6067278413,8.0419537,6.8380316
10183518799,7.9559914,6.7975089
10213904975,7.9347779,6.9562509
10235914835,7.8579092,6.8484587
7698768471,8.0121211,6.9343123
7698768472,8.0114531,6.9343257
10183518809,7.9545833,6.7951316
10235914843,7.8578459,6.847681
7698768476,8.0091273,6.9336086
10235914850,7.8574226,6.8474232
10214146665,7.9640041,6.9478805
10207001729,8.0366506,6.8897771
10214146668,7.9638848,6.9483142
10207027823,8.0371119,6.8900203
10260996729,8.0419874,6.8350893
10213933698,7.9368425,6.9534767
7942961795,8.1673168,6.7909274
10207402630,7.9740944,6.9103496
7698768520,7.9888366,6.9248281
10207027854,8.0375146,6.8882207
10242366097,8.0483236,6.8322799
10260996756,8.0500003,6.837447
3856231061,8.0059297,6.8582118
7698768534,7.9913594,6.9356523
10242366108,8.0468934,6.8319502
10235914908,7.8574921,6.8478867
10117477034,8.0095793,6.9338603
10207027884,8.0374241,6.8861304
10117477038,8.0122232,6.9340977
3856231097,8.034031,6.92391
10207027898,8.037071,6.8848747
7942961852,8.164318,6.789009
6130993856,7.8763238,6.9175592
6130993857,7.8763584,6.9177148
10235914945,7.8571617,6.8472424
7942961857,8.1650574,6.7894738
10260996805,8.0415306,6.8351483
10235914951,7.85782,6.847797
10207027912,8.036436,6.8833947
7942961866,8.1643702,6.7895823
10260996811,8.0464547,6.8410814
10117479118,8.0104675,6.937437
6130993871,7.8768312,6.9157058
7942961872,8.1650045,6.7895525
10237840081,7.8567991,6.943628
5974952658,7.9401998,6.8609073
11079992019,8.1131955,6.7843929
10207027922,8.036792,6.8860435
7942961873,8.1632686,6.7888108
7698768599,7.9835218,6.9744949
6130993880,7.8769136,6.9143378
3856231128,8.0361607,6.8859295
6130993882,7.8770637,6.9139958
10248655578,8.0658088,6.8373379
10267718363,8.0229938,6.8199027
10260996829,8.0501251,6.8421221
3856231133,8.0361911,6.8914806
5974952671,7.939634,6.8653797
10207027935,8.0365353,6.8860849
7942961888,8.16467,6.7910175
10181030626,7.9373726,6.7943471
10184309475,8.0547645,6.8360537
7942961889,8.1628883,6.7881217
7942961893,8.1628677,6.78689
10181030630,7.9364514,6.7944413
7942961894,8.162022,6.7887783
10214931175,8.0907842,6.7953596
10214931177,8.0907035,6.7969735
10214146794,7.9641985,6.9647208
10181030634,7.9376465,6.794319
10214931178,8.0898011,6.7976832
10225685229,7.9352779,6.9169571
10207027949,8.0359912,6.8859857
7942961897,8.1616016,6.7881543
7942961906,8.1632894,6.7867328
10214931188,8.0919496,6.7963634
10207027957,8.0357865,6.8863509
10225685238,7.934131,6.9172963
10214931190,8.0914895,6.7959901
10240299768,8.0676002,6.8448201
7942961908,8.164166,6.7870362
10214146810,7.9662576,6.9652371
10225685242,7.9337195,6.9176272
10184309499,8.0550253,6.8413952
7942961910,8.1656281,6.7874779
10225685253,7.9342895,6.9166174
10225685256,7.93441,6.9168967
10225685259,7.9344064,6.9171828
5974987532,8.1798862,6.7289533
10255567629,7.896703,6.9048314
10225685261,7.9343675,6.9173393
10225685265,7.9342584,6.9179091
10240299794,8.0663836,6.8426921
10225685266,7.9351036,6.9169131
10225685275,7.9337352,6.9170442
10225685278,7.9334644,6.9174804
11276325662,7.9339653,6.9564479
10272512798,7.8371724,6.7883438
10225685289,7.9331906,6.91575
6130539319,7.8462365,6.7962007
10180903736,7.9844165,6.982305
10225685308,7.9327656,6.9189781
10201897790,8.1063049,6.7649822
6130539327,7.8466664,6.7964762
10235577154,8.083263,6.8051621
10235577156,8.0841136,6.8063043
6130539336,7.8466045,6.7960786
10225685329,7.9353982,6.9176102
10225685334,7.9348164,6.9175753
10272512855,7.8381489,6.7901435
10272512854,7.8381675,6.7903152
7942962009,8.1532029,6.7824646
7942962010,8.1533366,6.7840398
10225685341,7.9345072,6.9179428
10186953567,7.9576701,6.7940691
10272512864,7.8380898,6.7894616
10213938017,7.9345539,6.9549016
10225685346,7.9340221,6.9186079
7942962019,8.153233,6.7820399
10225685351,7.9341559,6.9178801
10225685352,7.9335536,6.9178244
10264753001,8.0266043,6.7924147
6517797738,8.0889155,6.7999215
10248625008,8.0667457,6.8380058
10225685362,7.9317933,6.91632
10225685363,7.9316916,6.9166357
10144854900,7.9444532,6.9440152
10207017845,8.0361571,6.8906759
10260996979,8.0487122,6.8378627
10260996980,8.0466323,6.8390085
10207017848,8.0364212,6.8905907
10260996983,8.0452011,6.8394613
10214280058,7.9659399,6.9884492
7942962039,8.153782,6.7833307
7942962040,8.146041,6.7877617
10207017856,8.0366386,6.8895887
10117479297,8.0111702,6.9350481
317746054,8.15989,6.7849159
7942962063,8.1526616,6.7854618
317746070,8.0644598,6.7821708
7942962073,8.1550488,6.7857367
7942962074,8.1461579,6.7943345
10144854941,7.9503718,6.9359162
10250531742,7.9370832,6.8665977
6105932703,8.0887283,6.7995273
6105932704,8.0882989,6.7987273
10260997023,8.0452998,6.8349308
6105932707,8.0872598,6.7977637
6105932708,8.0879793,6.8008012
10214280100,7.9674029,6.966577
6105932710,8.0867113,6.8000665
6105932709,8.0872949,6.799522
6105932712,8.087838,6.7990559
6105932713,8.0881016,6.7997888
6105932714,8.089311,6.7993702
10214280107,7.9666153,6.9668318
6105932716,8.0892195,6.7996372
6105932711,8.087459,6.7999619
10250531749,7.938843,6.8653432
10214280111,7.9671865,6.9663154
10225673136,7.9309666,6.9151015
10117479337,8.0107118,6.9357204
10214280115,7.9668999,6.9660806
3856210867,8.0423451,6.8378754
10225673139,7.9331043,6.9156798
10207038390,8.0175381,6.8962644
10117479349,8.0093413,6.9371688
6031418296,8.1006169,6.7540652
10207017914,8.0365713,6.8909418
10228003770,7.9099921,6.9170764
10240156604,8.064378,6.8133402
10233703357,7.8392859,6.7921476
10207017919,8.036164,6.8908392
10260997056,8.0484891,6.8412155
10207017921,8.036258,6.8921033
10214280130,7.9666427,6.9665933
10233703362,7.8405661,6.7910843
5974987717,8.1720191,6.7413768
10225673161,7.937315,6.9179484
10207017930,8.036763,6.8911731
10207017934,8.0365591,6.8907682
12594254799,8.1900989,6.7955503
10214280144,7.9665855,6.9663987
10240299984,8.058756,6.8368546
10240299983,8.0621553,6.8395156
10235915221,7.8577343,6.8481664
10260997077,8.0457761,6.8354512
5482736604,7.7438755,6.7444833
10267741149,8.0237747,6.8210617
3856231390,8.0377929,6.8755212
10117479389,8.0088049,6.9431387
5974588384,8.1327032,6.7273138
10267741153,8.0227972,6.8206163
7942962149,8.1581855,6.798512
10260997096,8.0494134,6.8387961
10207063017,8.0288942,6.878805
10225673194,7.9404244,6.9203874
10233013229,8.0947749,6.803159
10117479407,8.0109047,6.943237
10259778548,7.8461655,6.7951727
10117479416,8.0068936,6.9315227
7942962179,8.1599007,6.7881989
3856231428,8.046252,6.8369624
10207017989,8.036593,6.8893562
10207017992,8.036382,6.8891602
10228003848,7.9106552,6.9163367
6008347658,8.1506714,6.7731052
10214673419,7.9512168,6.9344843
10207017995,8.0361212,6.8888918
5974633485,7.903929,6.7972008
10206983182,8.0348227,6.8844795
10207017996,8.036658,6.8885218
10207018000,8.036242,6.8887491
10207018001,8.0363724,6.888761
10207018002,8.0363574,6.8886745
10260997135,8.0486423,6.8402835
6008347668,8.1521999,6.7751282
10206983189,8.0362182,6.8853248
5974588439,8.1182314,6.7490682
5974987800,8.1921824,6.7675672
10214698009,7.9676724,6.9230404
5974633499,7.9037382,6.7977615
10214673436,7.9522012,6.9355876
10214673438,7.9524683,6.9354789
6008347678,8.1544989,6.7786717
10206983198,8.0354406,6.8852486
6054736927,7.8405824,6.7929808
10222955555,7.9858252,6.9225127
6027893798,7.8368753,6.8036317
10214673447,7.9528081,6.9346126
10117479462,8.0105684,6.9353288
5975073834,7.9445659,6.864764
10117479467,8.0004112,6.9004835
5975073839,7.9449025,6.8660439
5974633520,7.9014226,6.7968583
6027893814,7.8404135,6.7928243
5974633530,7.9030182,6.7976444
5974633531,7.9029664,6.7973185
6027893818,7.8410406,6.7910647
5974588475,8.1063041,6.7612384
10262070342,7.984476,6.7889449
10262070344,7.9843701,6.7892324
10242399305,8.0568308,6.8221872
10242399308,8.0569645,6.8217607
10214673485,7.9523698,6.9357736
10262070352,7.9835581,6.789055
10214181970,7.9658315,6.9656296
10214181974,7.9654053,6.9662561
6010129494,8.0546071,6.784689
6010129498,8.0538269,6.7845824
10214673499,7.9509577,6.9353185
10214181979,7.9648905,6.9668482
10240334944,8.0578038,6.8427002
10207001697,8.0362016,6.8894699
10207001699,8.0361203,6.8894887
10240334951,8.0583867,6.8421753
6097538153,8.0977264,6.8005586
10240334954,8.0587009,6.8420399
10184244330,8.0498895,6.8356674
10240334957,8.0592256,6.8419796
10207001710,8.0366018,6.8887781
10240334959,8.0597898,6.8417047
10207001714,8.0361214,6.8887322
6097538167,8.0963748,6.7977865
10242421879,8.0514865,6.8265517
10213887097,7.9346794,6.9545454
10206983289,8.0365236,6.8865264
10206973051,8.0364968,6.893705
10240334971,8.0585118,6.8421126
10240334973,8.0585091,6.8419855
10209922174,8.0143917,6.8892333
10206983292,8.0361485,6.8866623
10240334976,8.0584474,6.8417552
10206983297,8.0357104,6.8867625
6010129538,8.0529215,6.7841455
6503289985,7.9695407,6.9211207
10209885310,8.0036524,6.8915793
10240334981,8.0572181,6.8431482
10207001728,8.0367831,6.8897813
10206983303,8.036156,6.8862129
10206983304,8.0361507,6.8865265
10214155401,7.9740764,6.9465635
10209922186,8.0131255,6.8895445
10242421895,8.0503753,6.8264955
3856231564,8.0546177,6.979142
6008347789,8.1531602,6.781913
10242421896,8.0501125,6.8281588
10261068943,8.0451089,6.837097
10206983312,8.0366147,6.8881084
6010129553,8.0570625,6.7852398
10259518608,7.8779568,6.9388467
10206983316,8.0361258,6.8880207
6010129556,8.0558075,6.7852325
6105932950,8.095691,6.8012452
10242421909,8.0490972,6.8274306
10261068948,8.0455941,6.8369961
5974987933,8.192996,6.7561932
10206983325,8.0361218,6.8884407
6010129565,8.053835,6.785218
6008347812,8.0911535,6.7645985
10144801961,8.104231,6.7724095
6010129578,8.0510813,6.7844484
10242532524,8.0637602,6.8169192
10206983341,8.0347667,6.8868817
10207001776,8.0361274,6.8899734
10206983345,8.036145,6.8868692
6105691316,8.1034091,6.7717409
10255363253,7.8703377,6.9208074
10207001782,8.0353655,6.890216
6105932983,8.0907611,6.8002139
10206983351,8.0354579,6.8868252
10242532537,8.0627746,6.8149
10255363257,7.86936,6.9194341
10206983356,8.0356152,6.8867667
10184361149,8.0457891,6.8383689
6130994366,7.8811883,6.9458278
6105691325,8.1195099,6.7838672
6105932997,8.0914316,6.7991423
5975162053,8.0064718,6.8578236
6025436358,8.0975792,6.7650989
10197925062,8.0481935,7.0036182
10184361161,8.0469146,6.8383319
10233068749,8.1005888,6.7527466
10184361172,8.0478789,6.839862
10225693913,7.9415658,6.9179916
10255731931,7.8804517,6.9449437
10207114460,7.9876658,6.9036831
10189163740,7.8562355,6.9425304
6025436382,8.1000687,6.7553608
10259530978,7.879179,6.9424432
10259530981,7.8788584,6.9419533
10259530982,7.8786025,6.9422984
10259530983,7.8785828,6.9422002
10259530984,7.878571,6.9420792
10235874533,7.8384665,6.8393996
5210350826,8.0720165,6.7898462
10207114472,7.9867413,6.9035714
10207114471,7.9867498,6.9036623
10206983403,8.0287262,6.8847249
10207114476,7.9866482,6.9032323
10248643818,8.0658514,6.8378215
10207001837,8.0367249,6.887812
6097593585,8.0871774,6.8015832
10207001843,8.0364652,6.8872396
10248643830,8.0664355,6.8386124
6057659639,7.838896,6.7895793
5210350840,8.0740811,6.7882152
10248643837,8.0665564,6.8379471
10206983422,8.0263195,6.8824678
10255731972,7.880568,6.9449194
10255406340,7.8764897,6.9143867
7100742918,8.1193032,6.7839067
10255731979,7.8802507,6.9444392
10255406351,7.8756578,6.9152533
5210350866,8.0875819,6.7964086
5210350867,8.0880159,6.7971886
5210350869,8.0889215,6.7985504
5210350871,8.0893675,6.7995033
6507402520,7.8671248,6.867998
10267905318,7.8564186,6.9422485
10212427050,8.0928559,6.7974221
10267905324,7.8554962,6.9425702
10255406382,7.8756144,6.9163147
10212427054,8.0935995,6.7964249
10242532656,8.0634057,6.8142013
10255406385,7.8755799,6.9158587
5974633777,7.9057652,6.7981312
6071559476,7.8542823,6.8430023
10225638709,7.9299369,6.91379
5974633783,7.9053178,6.7975551
5974633784,7.9052833,6.7974236
6054745402,7.875262,6.8318873
5974897978,7.9871684,6.7905062
10225638716,7.9289235,6.914162
10185604413,8.037298,6.8894917
6507402559,7.8674397,6.8735582
10207505729,8.0004972,6.9515204
5210350916,8.0768147,6.8087542
10229478736,7.9704541,6.9169466
10255730005,7.8804425,6.9447301
10206983510,8.0265823,6.8821564
3856207191,8.0087279,6.8567025
6137902423,8.1141871,6.7801191
8554880354,8.0930921,6.7962556
8554880359,8.094727,6.7969805
10260996626,8.0486882,6.8379291
10206983533,8.0244384,6.8843132
10207505774,7.9970038,6.958463
10229478771,7.9698893,6.9198839
10231285108,8.1008519,6.7537124
10242379124,8.0581319,6.821857
10231285114,8.1004974,6.7539246
10229478778,7.9701571,6.9194118
10207001980,8.0159013,6.8869321
10229478781,7.9696536,6.9204606
3856207233,8.046304,6.8368062
10242379138,8.0573233,6.8204971
10242379139,8.0574524,6.8212022
3856207236,8.0478633,6.833477
10229478789,7.969749,6.9203329
10242379143,8.0570765,6.8207794
10242379144,8.0573604,6.8223935
3856207241,8.0490476,6.8305242
10229478797,7.9701255,6.9206974
10229478799,7.9697111,6.9198872
10242379153,8.0567863,6.821385
10255363474,7.878397,6.8804513
10242379155,8.0568307,6.8210523
10229478801,7.9698567,6.9199944
10229478807,7.9703268,6.9200112
10242379162,8.0561481,6.8218056
5210351003,8.0771558,6.8083934
10169488796,7.9695487,6.9872866
10157589918,7.9877819,6.9042554
10206983584,8.0172512,6.8855295
5210351011,8.0774876,6.8141729
10157589924,7.9873781,6.905838
10242416037,8.0607857,6.8252182
10262093224,7.9846273,6.7897527
5974633896,7.9048728,6.7970159
10182065578,8.0922336,6.7948186
10262093228,7.9845696,6.79018
5210351020,8.0924685,6.7973077
5210351024,8.093688,6.7973441
10262093233,7.984132,6.7900609
10209887666,8.0049231,6.8828294
10262093235,7.9839715,6.7901455
10262093237,7.9845897,6.7899353
5974588853,8.1067992,6.7619079
10209881534,8.0112019,6.8808945
10264739264,8.022118,6.7914542
3856207312,8.0906272,6.7981884
3856207314,8.091161,6.797896
10242532821,8.0660134,6.814164
3856207320,8.0934868,6.7954838
10242532829,8.065615,6.812841
10259496415,8.0591466,6.8381028
5210351076,8.1011415,6.8294675
10214641128,7.9619353,6.9321622
10240384494,8.042304,6.8370493
10206997999,8.0371687,6.889988
10262076910,7.9848965,6.7884673
10242532849,8.0643606,6.8157185
10206998002,8.0369703,6.890172
5210351092,8.0647204,6.8373788
10240384502,8.0411175,6.8374787
10240384503,8.0426566,6.836703
10184338940,8.0487454,6.8403304
10240384510,8.0421213,6.8355608
10184338945,8.0499117,6.8407597
10242379265,8.0456249,6.8323818
10184338948,8.0503367,6.8409985
10240384519,8.0430942,6.8363189
10242379274,8.0458608,6.8337993
10209922574,8.0145649,6.8880433
10242379283,8.0460734,6.834525
10262076949,7.9847384,6.7889994
10242532888,8.0638863,6.8179137
10242532889,8.0651759,6.8129598
10266291741,8.070235,6.8115234
10266291742,8.0703147,6.8118055
10240353823,8.0468736,6.8391974
10242532899,8.0661715,6.8155882
10242532900,8.0657696,6.8135212
10209922597,8.013807,6.8862581
10209922598,8.0134652,6.8865894
10242532902,8.0654815,6.8137422
10240353829,8.0461706,6.8388229
10240353831,8.0468365,6.8389548
5975352874,7.9713773,6.9197237
5975352875,7.972426,6.9187412
10242532908,8.0646284,6.8139118
5975352876,7.9729322,6.9181857
10157590062,7.9778954,6.9300073
5975352878,7.971802,6.9186696
10240353836,8.0471396,6.8378019
5975352881,7.9707534,6.9188348
10209912366,8.0149948,6.8889314
10209912368,8.0153434,6.8885726
10240353841,8.0469535,6.8392844
10209912373,8.0147676,6.8879571
10117477945,8.0001053,6.928987
10240353851,8.0465898,6.8408648
10240353852,8.0466458,6.8409617
10209922621,8.0122961,6.8823082
7869902398,8.0892798,6.7641866
10214200897,7.9741287,6.9403074
6130509383,7.83182,6.7809132
10184339016,8.0592967,6.8528768
10214219341,7.9668313,6.9657236
10227992150,7.9284055,6.9170558
10214219351,7.9662314,6.96526
10242532952,8.0665291,6.8126012
6003295834,7.8571977,6.9442893
10117477980,8.0100743,6.9397867
10214219357,7.9661993,6.9658162
10156752478,7.9829542,6.9751905
10214219363,7.9661179,6.9653595
10242532963,8.0666369,6.8141019
6067363433,8.0207646,6.8551404
10920255082,7.8381361,6.7900894
10214221419,7.9662065,6.9656241
10240323181,8.0651084,6.8411981
10117477999,8.0108606,6.9354951
10214221424,7.9662023,6.9658261
10265030256,8.0156259,6.8538431
10214221429,7.9657153,6.9657
6025436789,8.0987689,6.7539585
10156942969,7.998122,6.9042169
10157590141,7.9708089,6.9202875
10157590157,7.9872851,6.9210005
10214979217,7.98571,6.9040221
10164528785,7.9834287,6.9816362
5210351254,8.0474888,6.8343108
10240169623,8.0660287,6.8127322
10240169624,8.0704074,6.8098082
5975250586,8.0221801,6.8214032
6004209307,7.8696056,6.8703109
10157590172,7.9881962,6.9244337
5210351260,8.0481057,6.8349804
10240169630,8.0710659,6.8116091
10240169631,8.0717458,6.8107818
10241740448,7.8896719,6.7945665
6133257888,8.0345068,6.7938302
10240169634,8.0719755,6.8115227
6133257891,8.0225732,6.7911952
10240169635,8.0725053,6.8104613
10240169637,8.0728069,6.8115033
10214221474,7.9665085,6.9650318
10214221480,7.9664983,6.9654229
10240169641,8.073971,6.8111248
10240169643,8.0735822,6.8105002
10207131317,7.9877549,6.9046733
10240169655,8.0750063,6.8095218
10248672951,8.0625499,6.8370516
10207131319,7.9875709,6.9045563
10240169658,8.0754642,6.8100329
10240169659,8.0753575,6.8083236
10207131321,7.9873913,6.9044853
10207131325,7.9869339,6.9041275
10207131326,7.9872041,6.9039648
10240169664,8.0764423,6.8075404
10240169666,8.0771989,6.8083478
10240169667,8.0770252,6.8072721
10241740484,7.9031537,6.7972145
10207131331,7.9875734,6.9044142
10240169670,8.0776398,6.8079149
10240169671,8.078567,6.8070472
10241740488,7.9032314,6.7968377
10240169672,8.0778113,6.806336
10237886150,7.8514187,6.9112683
10207131337,7.9873146,6.9049868
10240169676,8.0794306,6.8062109
10240169677,8.0791372,6.8080446
10207131339,7.9871536,6.9045829
10240169679,8.0796516,6.8076637
10240169680,8.0789498,6.8066889
10240169681,8.0779822,6.8075945
10207131343,7.9868547,6.9045678
10207131347,7.9867742,6.9041893
10207131348,7.9872639,6.9049248
10240169687,8.0784548,6.8071522
10237886168,7.8519442,6.9131278
10207131356,7.9867266,6.9055346
10214696685,7.9622338,6.9265381
5975310062,8.1622942,6.7383118
10214696687,7.9626191,6.9263625
10207131375,7.9866954,6.9049003
10259332846,7.8498133,6.8828876
10182045429,7.9727091,6.96854
10207131384,7.9857409,6.9046825
5975310072,8.1683467,6.7406535
10207131387,7.9860865,6.9043661
5975310075,8.1698932,6.7410689
5975310076,8.1700761,6.7410866
5975310077,8.1704018,6.7412425
10207131393,7.9859312,6.9048824
10214696707,7.9661408,6.924328
10241740548,7.9059897,6.7973721
6507407108,7.8736284,6.8697247
5974920970,8.0649672,6.7826815
5974920971,8.0753898,6.7836549
10214221578,7.9665552,6.9654809
5975002893,7.9740704,6.8602531
10214696715,7.967426,6.9233228
5975002895,7.9746254,6.8607475
10214221584,7.9665667,6.9662741
6663104272,8.1618906,6.7858171
10207131405,7.9867432,6.9035922
10259332879,7.8476192,6.8838267
10207131414,7.987589,6.903287
10207131424,7.9887647,6.9026217
5975002914,7.9750213,6.8627764
5975002920,7.9761993,6.8615244
10207131433,7.983735,6.9110862
10259785514,7.8617358,6.797765
10207131442,7.983559,6.9101409
5974921019,8.1708009,6.7401499
5750818620,8.1617539,6.7858601
5974921025,8.1697974,6.7425105
10207131461,7.9816555,6.9090183
10242410311,8.0566903,6.8226697
10168932169,7.934279,6.9577067
5974292298,7.9286232,6.8410405
10242410315,8.0560145,6.8219634
10214221645,7.9671407,6.96453
10168932175,7.9332009,6.959186
10213910353,7.9357338,6.955441
10201945939,8.1187282,6.7494987
6067275604,8.0484221,6.8363218
7942960985,8.1597254,6.7814384
10213910362,7.9351385,6.9557558
10201945947,8.1192524,6.7504603
10922731356,7.9859022,6.9047968
10164522844,7.9841795,6.9767746
10213910363,7.9350341,6.9557428
6067275615,8.0484626,6.8372628
10201945952,8.1179845,6.75007
10213910364,7.9355095,6.9561063
10214221666,7.9669092,6.9662818
10213910368,7.9351741,6.9560465
7942960989,8.1601028,6.7811561
10213910373,7.9350961,6.9556205
10207131486,7.982947,6.9075161
10213910375,7.9349077,6.9559922
10213910381,7.9354373,6.9564099
5210351471,8.159049,6.8514942
10213910389,7.9348773,6.9564366
10242410360,8.0568925,6.825177
10218299261,8.0866994,6.7989117
10207125384,7.9866568,6.9038293
10207125386,7.986612,6.9037489
5975039885,7.9380151,6.8653035
10570422160,8.0372418,6.8894485
5991573393,8.0341426,6.7933168
10207125394,7.9859841,6.903351
5991573395,8.0343175,6.7932329
5975039893,7.9388626,6.8636681
5269618587,7.8931693,6.8575707
10207125407,7.9871299,6.9042265
10207125409,7.9871852,6.9044168
5750818723,8.1197224,6.7838377
10207125412,7.9871312,6.9047187
5750818725,8.1163846,6.7843554
5269618595,7.8942352,6.8568948
5975218087,8.0493303,6.8298802
5750818728,8.1631352,6.7864481
10207125416,7.9873737,6.9050816
7942961068,8.1619158,6.7826723
5974921133,8.1479688,6.7638413
5269618605,7.8944247,6.8577533
5991573424,8.023234,6.7911226
10189152176,7.8575178,6.9411331
5991573427,8.0228521,6.7912442
7942961081,8.1601842,6.7836414
7942961085,8.159971,6.7834488
7942940606,8.1628406,6.7873499
5975097278,7.980937,6.7914638
7942961088,8.1603812,6.7839972
7942940609,8.1625557,6.7868297
7942940610,8.1616615,6.7862916
5991573442,8.023174,6.7963157
7942961089,8.1618734,6.7836027
7942940614,8.1623395,6.7863388
7942940615,8.1646718,6.7844331
10206982087,8.0363631,6.8927103
10207135690,7.9900786,6.9007763
7942961102,8.1623712,6.7903206
7942961106,8.163272,6.7901064
7942961107,8.1621362,6.7895722
10206982100,8.0371496,6.8911815
10213910484,7.9357479,6.9562245
7942961108,8.1624336,6.7888963
7942961111,8.1625637,6.7895347
7942961113,8.1631739,6.7895112
10223253469,7.9764481,6.9125082
10206982110,8.0374968,6.8900817
10207135712,7.9883276,6.9028592
10206982112,8.0375349,6.8899571
7942940642,8.1618877,6.7853986
7942940643,8.161457,6.785364
6057660388,7.8388487,6.7890586
10201946080,8.1056708,6.7626992
7942961126,8.1542042,6.7837545
7942940649,8.1620207,6.7851077
5991573482,8.0259121,6.8022031
10223253483,7.9779599,6.9124754
10201946095,8.1053754,6.7633241
10207115248,7.9876901,6.904981
7942961139,8.1537263,6.7840549
10207414260,8.0164765,6.8983453
10201946100,8.1045456,6.7626641
10242385909,8.0468608,6.8319907
7942961141,8.1535162,6.7838154
6130995194,7.8685483,6.871668
5974921212,8.1473809,6.7619909
7942940670,8.1626194,6.7852492
