ADM1_NAME,ADM2_NAME,s2_ha,s1_ha,fused_ha,population,pop_affected
Abia,Umu-Nneochi,7.9051099609375,14.82193193359375,22.727041894531254,206589.5213321795,137.13507986068726
Abia,Isuikwuato,2.96570546875,5.9306089843750005,8.896314453125001,146593.24091203074,40.64039897918701
Abia,Umuahia  North,22.730512876455272,1.97722724609375,24.70774012254902,283077.99937608663,293.5543810956618
Abia,Umuahia South,9.722304482613358,3.9554765625000003,13.67778104511336,175762.77782441498,355.93080344106636
Abia,Isiala Ngwa North,35.651947394301466,0.0,35.651947394301466,194990.1887066449,285.5369201996747
Abia,Isiala Ngwa South,9.104828492264094,0.989168359375,10.093996851639094,173026.58951740246,50.08456124978907
Abia,Oboma Ngwa,54.45337696040134,3.9580361328125,58.411413093213866,231260.77825477128,905.9500885028465
Abia,Aba North,29.10960413602941,1.9789619140624999,30.09909651884191,136852.74520963777,2474.6567677965354
Abia,Aba South,5.93690732421875,1.9790236328125,7.915930957031251,538691.4547467434,1643.032943725586
Abia,Ugwunagbo,13.855063769531249,0.0,13.855063769531249,108072.53868167278,249.76896476745605
Abia,Bende,12.852668066406249,2.9660193359375,15.818687402343752,243566.6842755602,39.22695302963257
Abia,Ohafia,6.91987802734375,0.0,6.91987802734375,311368.9345332009,133.69212937355042
Abia,Arochukwu,5.93247841796875,0.9890484375,6.92152685546875,214047.68208239414,97.92098212242126
Abia,Ikwuano,122.64426894531256,0.0,122.64426894531256,174443.74653474998,1226.5243604183197
Abia,Osisioma Ngwa,20.416444910768995,2.96820078125,22.395271180300245,279205.14912427455,810.791677532944
Abia,Ukwa West,81.12167328431372,30.7059078772212,109.84802237247241,111038.1124925492,458.06068656865295
Abia,Ukwa East,82.47808888020829,7.91882275390625,89.40704932942707,73736.42346502145,305.3752257178811
Abuja,Bwari,149.09500322265606,526.4438559034156,642.1881807081028,684018.6879156472,4648.629169855749
Abuja,Gwagwalada,81.48786457490809,198.6898279821538,267.42014333831185,471462.2643207931,2096.4721376295183
Abuja,Abuja Municipal,30.425117871093754,486.8768792321539,510.43268518918524,2309913.4762787167,12502.7624592545
Abuja,Kwali,101.1275493872549,504.0958038959103,585.5777574823837,256879.16787162033,1335.1160050962485
Abuja,Abaji,83.52344091796884,203.55593952091002,276.2684722357536,174605.3412219444,514.945993727095
Abuja,Kuje,0.98205615234375,141.44722165479473,141.44722165479473,289388.6006660429,181.19323751716053
Adamawa,Mubi North,0.97814921875,463.7599091961549,464.7380584149049,217808.23447569806,1421.1459650724541
Adamawa,Mubi South,0.0,133.22506066329666,133.22506066329666,184031.0729145981,986.9461075348013
Adamawa,Song,273.25478670381443,3452.075008507966,3668.5275514617856,247303.40401425152,4091.086979469335
Adamawa,Lamurde,5025.649393987389,9143.423810227756,11589.097896374025,141057.36164168056,13055.769515938739
Adamawa,Demsa,7871.753223527481,14768.839682504911,16783.462021271815,226704.7272371991,16521.55267925461
Adamawa,Numan,3390.5785437078757,6364.060277532202,7519.668088409928,115764.16470330417,10321.690399877642
Adamawa,Gombi,1280.7355709493745,3286.1370629017374,3546.5558215973524,187395.79271736165,11264.999309661987
Adamawa,Yola North,2374.826922127375,2569.1087347277135,3146.3280959467115,252087.69405114983,45315.59073943765
Adamawa,Yola South,93.19985090916053,416.75438151884197,449.0249143887868,247901.16620100423,2034.8442930855
Adamawa,Ganye,177.6220548268995,2033.5608049054076,2180.717957486213,215068.59975427343,3170.6880559727106
Adamawa,Teungo,117.07824059589464,1702.4982120255056,1798.463063518306,64260.98051654534,406.9776763008506
Adamawa,Madagali,0.0,364.04563498238355,364.04563498238355,184122.3359346865,1629.9723106781641
Adamawa,Michika,21.481331445312502,1038.4102916325826,1057.9388036443013,205562.9955655412,2173.6286504419413
Adamawa,Hong,114.44642294921877,840.2397943604474,928.278449731541,214747.37791021215,1044.2140924049068
Adamawa,Girie,1.955501171875,800.0646156085314,802.0201167804065,164300.28211392896,1450.9363030549357
Adamawa,Shelleng,37.116127358302705,1134.6930947376684,1165.578062807138,187714.19963919368,1801.1725852696336
Adamawa,Maiha,33.763957016314336,277.7910771208639,310.3337133321844,126982.11374490541,1397.6781735684358
Adamawa,Guyuk,340.7058707525271,3248.606527771914,3447.868018457042,223364.5027862407,13421.681697764585
Adamawa,Fufore,3967.910280811139,6529.7409677749565,8035.910788060248,265400.92317704635,10535.973801702501
Adamawa,Mayo-Belwa,203.27336806640625,1394.8228819588726,1578.4555747323116,193721.45399887304,1276.114087290039
Adamawa,Jada,197.6949351608456,749.4316505920646,926.4982796005665,207775.89469265487,1163.7332723816528
Akwa Ibom,Ibiono Ibom,95.56816846430763,249.44032945389108,336.105188640855,254261.75473069138,3373.3023861052943
Akwa Ibom,Obot Akara,10.882659765625,2.9676431640625,13.8503029296875,198395.70241813475,108.72934937477112
Akwa Ibom,Itu,268.68059948529407,141.21015538181683,387.1374526210169,173167.3607179645,3347.171548487159
Akwa Ibom,Ikot Ekpene,77.16908056640624,6.925626171875,83.10530361328124,191059.1387562948,1802.8827905654907
Akwa Ibom,Uyo,295.41981637791037,3.95840615234375,299.3782225302541,413423.6939991243,7878.923791519801
Akwa Ibom,Ika,13.8550921875,0.0,13.8550921875,98164.79976461819,146.6797800064087
Akwa Ibom,Etim Ekpo,14.84492421875,1.97922373046875,16.824147949218748,142638.4420022422,112.18082022666931
Akwa Ibom,Ibesikpo Asutan,91.83121927964156,0.98979814453125,92.82101742417281,184901.561453177,1061.8168405121448
Akwa Ibom,Nsit Atai,2.96961259765625,0.0,2.96961259765625,98972.04394115189,38.505656242370605
Akwa Ibom,Udung Uko,0.0,0.989977734375,0.989977734375,67864.57552324649,17.281322479248047
Akwa Ibom,Ikot Abasi,246.93074665709287,147.5375791348805,380.978128130362,177507.3117450998,1966.0717404253342
Akwa Ibom,Esit Eket,2.9705868164062497,0.99019033203125,3.9607771484375,85463.3889005862,43.47209596633911
Akwa Ibom,Ibeno,76.91754528339462,110.44003676738666,182.2275690663298,94594.83424795797,1695.681424369999
Akwa Ibom,Eastern Obolo,318.21983973383766,905.9162306939386,1163.2799331686658,81024.26236030168,7221.018073045505
Akwa Ibom,Oron,5.9393180664062495,4.933916622625612,10.873234689031863,100749.82665055126,153.06552032021915
Akwa Ibom,Ini,131.5387058593749,22.74444306640625,154.28314892578115,133833.90913934007,360.98104667663574
Akwa Ibom,Ikono,50.45788554687499,0.0,50.45788554687499,177974.72365664132,569.0848245620728
Akwa Ibom,Essien Udim,20.779009375,7.915389160156249,28.69439853515625,260891.62683663127,332.3332688808441
Akwa Ibom,Uruan,69.92725257927393,40.738806498161765,110.66605907743568,158580.28429158474,959.2936761566237
Akwa Ibom,Abak,70.94446696461397,8.906970996093749,78.86174645680147,187982.4550932033,1967.9452336479635
Akwa Ibom,Ukanafun,33.32806578201593,13.866536717984067,45.21480396484375,169180.75936592044,247.73181766809205
Akwa Ibom,Nsit Ibom,42.43566046530331,0.98974892578125,43.42540939108456,145758.8220543833,781.6647577697155
Akwa Ibom,Oruk Anam,61.94269691406251,20.859942701056987,82.80263961511952,231674.33704018447,503.8791905066546
Akwa Ibom,Etinan,101.58271918658087,0.9900015625,102.57272074908089,227862.8416087824,1518.8563277805554
Akwa Ibom,Okobo,127.97713019186578,3.3071614514399506,131.28429164330575,138505.80578459296,1568.7205551240959
Akwa Ibom,Mkpat Enin,133.89124216758577,24.979013319546567,158.8702554871323,238992.69666032717,1474.7277506155126
Akwa Ibom,Nsit Ubium,50.625843951057,3.4166355947457108,54.0424795458027,171496.2736017694,463.90483211068545
Akwa Ibom,Urue Offong /Oruko,0.0,0.0,0.0,95115.94856544377,0.0
Akwa Ibom,Mbo,46.094280020680166,18.98723587354473,64.840780379519,94249.85727943477,410.4357126189213
Akwa Ibom,Eket,192.93941102366716,76.78636059666054,266.75524935470264,234007.5178409407,5015.344304039899
Akwa Ibom,Onna,446.14055472694616,10.89206201171875,456.04242640663387,166174.35162753376,6789.998597788343
Anambra,Ayamelum,10225.907371129648,7628.809010053218,12416.302490688,197869.6530964477,30582.7592979112
Anambra,Anambra East,7647.782335972022,8167.658025027178,10408.582795887047,191427.84022948123,34343.10488220128
Anambra,Oyi,28.422264281556373,0.98766357421875,29.409927855775123,211580.62213882984,711.8688394808303
Anambra,Dunukofia,4.937801953125,0.0,4.937801953125,120483.55430979354,172.28121948242188
Anambra,Njikoka,26.92434583716299,0.06198002450980392,26.92434583716299,186119.3379954639,653.0396026218639
Anambra,Idemili North,67.90748492455576,7.890999196920956,75.79848412147672,536228.7445444367,5224.506251398722
Anambra,Onitsha North,193.5495086316635,116.71377437078738,280.67115025735285,156480.2458437789,13307.048661647124
Anambra,Onitsha South,424.69775659352007,290.0947650643381,535.8681828389247,170203.54699156518,66204.17000789267
Anambra,Idemili South,195.61041061657477,2.96371552734375,198.57412614391853,259867.5040179451,6168.597648770201
Anambra,Ekwusigo,992.8451594653809,34.82703674325982,1009.6080665019917,198616.63042592723,17494.49152353979
Anambra,Nnewi North,609.3758024345119,0.0,609.3758024345119,194425.5340956201,19305.055359518763
Anambra,Anambra West,51359.149627427076,20513.859208130336,55367.30602332906,209572.9644255982,165290.4846067496
Anambra,Awka North,2604.486741975324,1498.6362583708828,2773.922357737824,140714.01945768538,2840.4292955575033
Anambra,Awka South,93.82371416015633,11.85294521484375,105.67665937500006,237912.57211624496,2752.391459465027
Anambra,Orumba North,0.0,7.902420312499999,7.902420312499999,217281.1157677687,22.918330669403076
Anambra,Anaocha,73.06683334022674,4.884794176240809,77.02580090035235,355619.33567192045,3021.7939587948376
Anambra,Ogbaru,10055.932167722867,4316.418463213862,11451.443267215778,279563.4762178002,131460.25723810736
Anambra,Orumba South,3.9523312500000003,0.0,3.9523312500000003,230565.81538754268,18.7281231880188
Anambra,Aguata,42.3698977366728,0.0,42.3698977366728,462188.86119910947,1264.8122177872003
Anambra,Nnewi South,835.3214604124541,0.98813115234375,836.309591564798,292341.79933458945,16266.502614335453
Anambra,Ihiala,779.0927705537683,302.22828154641525,1001.3987107460175,377539.7392363516,16518.091377607983
Bauchi,Katagum,287.7374828952203,12883.558419317842,13080.243623126433,394635.561373848,19838.79102392401
Bauchi,Damban,1.94672841796875,5018.726776178381,5019.7004899479125,201815.58186948852,11641.082835590954
Bauchi,Shira,3.8964515625,3304.0485627523785,3307.945014314878,314674.87125162716,10511.198044041794
Bauchi,Giade,0.0,1554.679625597809,1554.679625597809,209526.98091253883,4537.471905247955
Bauchi,Misau,416.9445342773423,4016.2408033421293,4187.7031456272925,351671.2118006259,9147.85915210364
Bauchi,Ningi,65.8870535079657,8643.590594134495,8702.64835545496,518940.9123827718,10495.28291678727
Bauchi,Warji,57.78641116000307,1277.7929619661445,1327.7799923644288,154609.1376651256,3249.56129307478
Bauchi,Kirfi,64.39330108072916,4662.95180598268,4719.524026887627,195837.72134360074,3717.867669387834
Bauchi,Alkaleri,96.10112184283088,7969.07776144874,8051.465370107977,441399.0696748544,8482.111108401945
Bauchi,Tafawa-Balewa,126.37522847081794,999.2921151030179,1120.7725262886797,297751.2956424925,2216.7791362331195
Bauchi,Bogoro,43.905190014552694,434.25610434972396,475.22258713771413,112589.6726844224,1111.5698432607978
Bauchi,Zaki,4067.637294562686,26238.43251634587,28896.21432006803,255551.81553544637,49695.418164186834
Bauchi,Gamawa,656.9925452585018,25301.41496720322,25714.632561978815,382700.3667439285,32354.70102838482
Bauchi,Itas/Gadau,2379.7048202500796,17707.548240570683,18514.651827509224,307043.0740808682,38337.46351542298
Bauchi,Jama'are,501.1733307475495,4556.473818786751,4678.542918715509,158123.02663727876,11725.323068721156
Bauchi,Darazo,22.36423056449142,5338.399811479012,5354.987081986824,335868.4538917557,10310.785858057645
Bauchi,Ganjuwa,117.48221714422488,10230.752418945693,10341.399974664133,374443.7311686604,6790.778781188586
Bauchi,Toro,111.16275939644609,4711.468531386719,4816.766262951133,465284.4718808811,3405.5611163642475
Bauchi,Bauchi,225.06733262140006,4428.154203550476,4641.4882940820335,663985.587930555,5937.30390649327
Bauchi,Dass,0.97824541015625,99.71603121553312,100.69427662568937,120989.45435307559,318.2927052338918
Bayelsa,Yenegoa,6486.773323115034,2512.454665097275,7650.489359021157,471073.11820454174,68134.69737349842
Bayelsa,Kolokuma/Opokuma,3291.6606467681436,2135.675092549786,4732.539808509477,106130.41593829836,17223.556857991687
Bayelsa,Ogbia,1173.640610446156,599.1534503423716,1602.547570465303,240486.70813665044,8405.35109331748
Bayelsa,Brass,1095.0522143861062,1874.3974055713825,2940.9764052952596,241072.19932884516,5008.931536400084
Bayelsa,Nembe,372.4271496725625,923.0458167957224,1285.5693104135999,174843.57074743515,2349.214055042875
Bayelsa,Sagbama,3915.4938250984214,2384.976407366728,5622.271378407632,248863.8120147981,26504.619886505134
Bayelsa,Ekeremor,2454.4793860941277,780.720802877604,3193.94149290096,359064.8134585185,11118.675977228319
Bayelsa,Southern Ijaw,2850.434691756663,2374.5922532303125,4944.824383919649,428499.18199412234,17435.885746890362
Benue,Agatu,19151.941376506675,14564.873499338675,20788.38642699286,149186.07525220313,25683.40808850247
Benue,Logo,3453.3217063648735,3089.39393576173,4558.139700513146,218773.66451404337,5058.3086571082185
Benue,Apa,84.7087751037837,9.8462130859375,92.5858141662837,124964.07064227141,163.99551211291669
Benue,Tarka,0.9849201171875,1.9697542968750001,2.9546744140625,102164.51094954967,15.833331108093262
Benue,Oturkpo,4.92767548828125,27.595393066406253,32.5230685546875,344388.1832172165,93.91488552093506
Benue,Katsina- Ala,558.8576704970894,336.5129660788144,809.5403135971967,291497.4999650038,1498.0279822038672
Benue,Gboko,63.06629541015625,19.70620732421875,78.83150585937499,466748.3581818692,734.6206376552582
Benue,Ohimini,15.772946874999999,10.842598730468747,24.64402392578125,91607.96701489635,37.18008750677109
Benue,Obi,107.48711220703129,15.78010751953125,123.26721972656249,127511.64776372639,398.55221486091614
Benue,Oju,32.55140634765625,44.99800265050551,77.54940899816177,217656.41754032206,103.4230486778652
Benue,Guma,16628.76361543932,15445.433322408384,20876.70570216465,250788.21054252156,36379.55522472992
Benue,Ukum,28.5488865234375,140.7886829204964,164.41583614315266,280509.69749561447,290.1228480170755
Benue,Markurdi,5977.110076624552,6592.23340208493,7718.529707104162,387626.47609316866,30430.902938973446
Benue,Gwer West,3920.32432078895,3701.6047109214487,5257.945704282787,157839.5861544777,6208.797616809487
Benue,Bukuru,1521.8991221246963,1086.4825386423875,2169.816175598195,266298.5811401057,7558.842810840933
Benue,Gwer East,8.8677154296875,12.80712646484375,20.68994375,218001.43939881085,19.62571558356285
Benue,Konshisha,48.3236263671875,7.88705498046875,56.21068134765625,292387.24957805686,103.92537462711334
Benue,Kwande,303.070630935968,1054.313784692862,1316.8864168841908,320897.9780857736,968.2337964848562
Benue,Ushongo,167.1213742796415,75.65569978515624,233.90383929917283,247960.9954064809,386.6318084998458
Benue,Okpokwu,11.151072840073528,1.97236181640625,13.123434656479779,226926.43298366503,39.967815890966676
Benue,Ogbadigbo,8.566162477022058,7.8888529296875,16.45501540670956,169184.56635298894,60.22225067428514
Benue,Vandeikya,29.5911490234375,9.86444443359375,39.45559345703125,302796.29646752356,152.2164694070816
Benue,Ado,0.0,56.24319160156251,56.24319160156251,237965.83508584392,237.3324464559555
Borno,Abadam,383.85073322954975,44377.922011293114,44760.80580213987,113274.48928497269,13539.364097939575
Borno,Lake chad,3740.8199879472963,21401.356418640487,24781.086376688105,189840.9513506718,9676.644958807354
Borno,Kukawa,217.93536149280018,22442.83761097698,22657.867864461983,158150.83183045,11400.40200611347
Borno,Guzamala,55.39914328776041,37700.140947390486,37755.54009067825,131369.9985369965,19338.433353274537
Borno,Gubio,0.9705703125,30841.08881298164,30842.05938329414,207122.87545115146,18457.225253544602
Borno,Nganzai,79.64985048828127,40677.95193644112,40752.744199527064,135680.99669046933,16865.13850149682
Borno,Monguno,70.84442705078125,16067.973874589456,16127.168917265233,137010.16227500327,14808.298675528287
Borno,Magumeri,1.94205654296875,31965.002228427315,31966.944284970286,192106.70188585288,11752.907834845751
Borno,Ngala,834.3581206705766,3978.014465746397,4803.458946241553,330140.9818262247,17833.10898548762
Borno,Kala/Balge,3669.7592458405957,3386.997023743109,6926.893466482403,86031.72084692593,6977.028297001938
Borno,Mafa,468.5237496400124,17650.709146297875,18055.500291731765,141998.0093058219,10962.82122311452
Borno,Konduga,105.09170722809438,12528.307943337551,12591.566628524053,218275.24991146143,4684.772808230595
Borno,Jere,1722.7230311959997,7184.226972985587,8566.207291867331,286578.6959025208,25420.729753697302
Borno,Maiduguri,105.36033045534624,449.8124589847576,524.0016524640007,736529.5461775119,19046.927451784934
Borno,Kaga,2.9188628906250003,4549.5988547081815,4551.544471602712,123199.63136724732,3338.0327780242496
Borno,Damboa,44.79307662415748,4127.1774117298555,4164.166295287607,319262.8064837168,2858.504019297119
Borno,Biu,2.9284259765625,5040.612294517846,5043.540720494408,240942.96897096979,3901.9397474448765
Borno,Chibok,0.0,707.7065701937807,707.7065701937807,90879.26973948134,733.0568409780077
Borno,Bayo,57.695167968749985,1248.9359083900126,1292.940535733763,108400.14302008797,1836.753246442769
Borno,Hawul,49.853004882812506,1173.5959217359832,1209.7631917555145,165580.498757248,1553.3957031481991
Borno,Kwaya Kusar,0.97691015625,575.2528015150117,576.2297116712616,77647.70380507567,614.099640627702
Borno,Shani,33.38894994561887,1788.9704341314323,1806.5417282421863,138445.08816932084,5074.467011550011
Borno,Marte,86.73781326210172,20903.25719370147,20988.05288030341,156591.8429733921,13062.063405928897
Borno,Mobbar,4078.2151271124335,43284.32169831329,45679.506265387754,168125.19624167317,24620.714341002127
Borno,Dikwa,273.1114324272367,8262.405001412015,8503.437591163467,143845.08610194744,10455.03580828765
Borno,Bama,203.5035692382812,19158.471645452242,19336.656575725683,389262.7989826356,15478.369570142415
Borno,Gwoza,2.92493134765625,7946.962013580307,7949.886944927965,377988.15301414084,13211.204222428682
Borno,Askira/Uba,74.31032728209253,1378.0790799352783,1440.666961709558,196375.5373634917,1796.5799317894612
Cross River,Bekwarra,1.973810546875,0.0,1.973810546875,133510.04833472203,9.434308052062988
Cross River,Ogoja,735.6252315739893,974.4061948912364,1598.422311753593,217503.18260683178,2479.090713839203
Cross River,Ikom,1003.6360294776347,1193.5140732686107,1947.5946928504125,207614.27962344637,1642.6256886771503
Cross River,Etung,129.07080305300244,73.03394527190564,198.15129773897058,102115.07640191376,143.52599440149817
Cross River,Odukpani,901.4848399337468,759.0776340785839,1574.1301668240649,242303.9776299346,3192.8955999603463
Cross River,Akpabuyo,29.560852987515318,116.48227427696082,144.55251327512255,311541.79450424097,702.4542252383542
Cross River,Calabar Municipal,45.36908692938114,54.56977109183518,99.63225869446998,229142.93934064556,1224.7927881053847
Cross River,Calabar South,23.075374335554535,17.439633718213848,40.15790103017769,115269.02783819185,941.8851344454522
Cross River,Bakassi,10.525011937423407,41.753170458409926,51.691952132735906,31841.405954769296,270.72531498693957
Cross River,Yala,1587.413664742261,1426.600257262179,2736.075673996624,267926.2967603586,3345.6174226132084
Cross River,Obanliku,199.19355689912675,356.3163588549326,553.5362747384346,139121.97519708957,770.6147651806766
Cross River,Obudu,37.54680088082108,59.29722351409314,96.84402439491423,203938.2481046055,381.88459339024973
Cross River,Boki,1015.6353912354472,358.3688672970283,1374.004258532476,235990.52626229898,909.8876689485475
Cross River,Obubra,2147.4059575076603,2383.6909769002773,3634.9154536324068,218941.84641563508,10492.02733296816
Cross River,Abi,175.9329966930913,620.9215835983459,741.5139759945619,183494.25296569394,4664.522983954467
Cross River,Yakurr,63.86718831954657,97.26678033011642,140.381538571538,248681.4080290093,666.7420867408023
Cross River,Biase,1707.3202997365158,1556.4709734298417,2932.5257134983926,213137.39179013894,5720.941851123291
Cross River,Akamkpa,1175.1428958961396,720.0694673414521,1885.3206375539974,190338.20986762393,830.7112438257856
Delta,Oshimili North,3428.062978860671,2715.889608001292,4174.6582113886225,157348.32624149325,15816.430193299171
Delta,Oshimili South,12488.555931701148,6109.703583187302,14170.100664485333,198905.6517397153,80396.21468374642
Delta,Warri North,2167.8872596836695,1106.2525604147515,3232.2103039985436,178126.5470145005,3148.684478121879
Delta,Ndokwa West,1013.0523729967065,1220.869838791358,1769.6931815502471,198575.50468871364,7282.534496666867
Delta,Ukwuani,3.95317685546875,22.217511343060664,26.17068819852941,157774.76987888385,235.27214527270374
Delta,Warri South-West,4150.641437681146,1709.5269203714754,5806.3032400934535,153306.76341423043,4780.779988557567
Delta,Warri South,3469.787211977625,988.5785206491272,4429.633953427548,410778.9855417566,23989.788249517656
Delta,Okpe,304.009524521293,117.75914173138787,417.8141106862745,170775.9044677773,1421.311399432257
Delta,Ughelli North,6342.862577858857,4433.88950594554,7868.275649375329,425039.8311591729,28187.60387477291
Delta,Uvwie,143.3575669408702,56.056560729549645,197.4366471040134,250069.9476045866,5495.17675001481
Delta,Ughelli South,11621.724171600503,7584.3631096212,14131.534121874727,282726.65077387483,37204.77068732813
Delta,Udu,224.52800807751245,71.40858245595896,286.0666587936583,188736.1825555854,4648.2051025914225
Delta,Isoko South,14159.484889991934,9626.769188463944,18040.41861249816,311323.8545773316,75839.53577959538
Delta,Patani,1691.5887095860062,2440.113778174023,3665.7167913453477,88990.641978794,19441.984386212687
Delta,Bomadi,669.7367678155633,394.98292109336717,877.9680600417423,113097.46536087402,11687.0941578089
Delta,Ethiope East,24.777498815104167,55.006355273054524,79.78385408815869,265979.51665008435,717.1272048192866
Delta,Isoko North,2217.4139598560023,2242.8310431632954,3690.933761797648,190260.57305335172,11469.597978622889
Delta,Aniocha North,5.92456494140625,22.389754322533705,28.31431926393995,137795.6514587468,176.42057712615704
Delta,Ika North East,0.0,13.8241806640625,13.8241806640625,242028.05427672016,29.5483877658844
Delta,Ika South,0.0,7.901231152343749,7.901231152343749,221482.72891937557,45.561636328697205
Delta,Aniocha South,1420.0512490234314,660.555266125536,1639.5350476179478,188194.22200821096,1723.6429039619716
Delta,Ethiope West,64.70572606924019,414.3725685684743,472.1606720791211,268632.0500221077,2931.1099296883044
Delta,Ndokwa  East,42524.27672740844,20782.13441159665,51681.603701754255,138288.27135728695,51223.901820139035
Delta,Sapele,368.34052440678596,203.2659715575214,568.6412548510262,230682.06802861113,1548.0323961620238
Delta,Burutu,3252.1872663078293,993.8952563541665,4176.062850580198,271904.93970261584,8179.47268665316
Ebonyi,Ebonyi,10.85935078125,1.7073883731617645,12.566739154411765,161454.66455057517,112.00183884372899
Ebonyi,Ezza North,2.9630479492187503,17.31202368451287,20.275071633731617,184564.9006626019,140.65977797788733
Ebonyi,Abakaliki,173.11816569240185,44.44324814453123,213.61068444240192,189845.9009696911,869.9158324517456
Ebonyi,Ezza South,3.9514277343749997,11.330179831112131,15.281607565487132,169045.12775480383,76.6846755953396
Ebonyi,Ohaozara,14.820638769531248,8.8917939453125,22.7245072265625,187527.82768755665,148.95623803138733
Ebonyi,Ivo,23.74130265356924,7.91247050245098,31.65377315602022,153878.7860637015,193.2085162602219
Ebonyi,Izzi,374.13365032169145,255.56250363855705,551.3947985627298,299252.6997273951,1295.6749342616865
Ebonyi,Ohaukwu,1.974165234375,47.64838297334559,49.6225482077206,247424.6457023716,192.9701152782814
Ebonyi,Ishielu,0.98703701171875,16.78076328125,17.76780029296875,193357.1542985157,46.125569343566895
Ebonyi,Onicha,8.89221728515625,15.806873828125,24.69909111328125,299403.2718690711,139.9667830467224
Ebonyi,Ikwo,1099.8304315973478,1049.5071587905918,1606.8438333884776,271444.1855397582,7669.970925406615
Ebonyi,Afikpo North,15.152706692325367,92.9745568474265,107.13900318818935,198133.37026051554,848.7521285776998
Ebonyi,Afikpo South,5.929825781250001,22.730809863281248,27.672338281249996,199245.74150164996,167.27729439735413
Edo,Owan East,23.659731347656248,36.47361376953125,60.1333451171875,192804.43006390493,74.99302464723587
Edo,Etsako West,1.97270966796875,20.052550325520833,22.025259993489584,248791.26246091595,82.27857410907745
Edo,Etsako Central,10148.812789509337,6904.962155420043,12040.555118956172,117493.53639214837,25627.323987837517
Edo,Owan West,26.15921065678615,28.602869238281244,52.78920010991114,123670.52335612227,74.26876697423411
Edo,Ovia South-West,85.91172382812502,146.04951249655332,223.0743930629596,172678.65674889463,267.01208276888906
Edo,Ovia North-East,392.4370094492954,345.9904891467524,719.6714702757354,194557.7201481544,1149.2110442468056
Edo,Esan Central,6.90609716796875,0.98654140625,7.892638574218751,131172.51985812193,70.13602685928345
Edo,Uhunmwonde,88.85860253906249,60.22760898437498,149.08621152343756,152221.47643036768,540.4566984474659
Edo,Igueben,0.0,1.9744486328125,1.9744486328125,87564.54180885207,1.0934381484985352
Edo,Egor,139.51502286726424,3.94920205078125,143.46422491804546,423750.78211493714,11198.644596301809
Edo,Ikpoba-Okha,109.6323421875,107.76274752029718,217.3950897077972,466175.86406723975,1290.7219791508187
Edo,Orhionmwon,25.537229945618876,1116.0618492968767,1138.6346835393706,230481.83280240317,1229.831733482141
Edo,Oredo,53.01419423713235,5.9246068359375,58.93880107306985,464457.9191612431,3729.110400802014
Edo,Akoko-Edo,6.897531152343749,153.90622903837317,160.8037601907169,327419.2511006448,359.34717623416117
Edo,Etsako East,8120.193738802121,2815.5325884681447,8608.316316546818,184394.85638446518,8239.144113003274
Edo,Esan North-East,4.933235156249999,4.9333412109375,9.866576367187498,152023.80961535775,60.73274755477905
Edo,Esan West,25.65168242187499,21.372165122166052,47.02384754404105,159457.42265303666,472.69601604587893
Edo,Esan South-East,4190.979425937506,2019.9555427286318,4833.29621076402,207350.58424427302,15706.743566024308
Ekiti,Moba,8.85542021484375,4.91974443359375,13.775164648437498,187747.07931138968,205.02455377578735
Ekiti,Ilejemeje,1.96797353515625,10.823940234375,12.79191376953125,56249.84359064639,41.154070138931274
Ekiti,Ekiti West,0.0,5.90818046875,5.90818046875,232390.90396053612,39.504682421684265
Ekiti,Ekiti East,0.0,1.96891708984375,1.96891708984375,178489.57015302387,5.996885776519775
Ekiti,Efon,0.0,6.892911328125001,6.892911328125001,112851.82279474437,37.45464205741882
Ekiti,Irepodun/Ifelodun,0.0,30.52223505859375,30.52223505859375,170940.1036256292,130.0314495563507
Ekiti,Gboyin,6.89392119140625,45.96760185355393,49.90690829886643,191678.74825616897,171.89731450267868
Ekiti,Emure,0.0,1.9704073242187499,1.9704073242187499,121949.45602061207,18.288986206054688
Ekiti,Ise /Orun,7.881160156250001,0.98509853515625,8.86625869140625,147303.69203147563,100.2522463798523
Ekiti,Ikole,0.98400771484375,63.294131056602325,64.27813877144608,220632.40158845126,199.34957586339877
Ekiti,Oye,0.98417275390625,29.708445993030026,30.692618746936276,178304.21470077324,141.2221570038328
Ekiti,Ido-Osi,0.0,4.920996289062501,4.920996289062501,207229.73554420265,35.28942918777466
Ekiti,Ijero,0.0,2.9528298828125,2.9528298828125,286693.9122373425,9.98843264579773
Ekiti,Ado-Ekiti,6.8935865234375004,24.61894716796875,29.542913476562497,405550.6423501569,327.36271262168884
Ekiti,Ekiti South-West,0.0,7.930160261182599,7.930160261182599,213596.79315724177,56.13593570484834
Ekiti,Ikere,0.0,34.42790096928615,34.42790096928615,192037.11156264448,234.3055781911401
Enugu,Igbo-eze North,0.0,0.0,0.0,327514.69564692414,0.0
Enugu,Igbo-eze South,0.986328515625,0.0,0.986328515625,185923.42310841946,13.680238723754883
Enugu,Udenu,0.0,0.0,0.0,226025.8294908321,0.0
Enugu,Isi-Uzo,0.98662177734375,0.0,0.98662177734375,188262.5735806353,3.458483934402466
Enugu,Enugu East,5.92246064453125,0.0,5.92246064453125,350748.7186230179,219.46739768981934
Enugu,Nkanu East,3.94974111328125,7.9030302734375,11.85277138671875,194814.19373031965,31.76796782016754
Enugu,Enugu North,2.96156494140625,0.0,2.96156494140625,309173.90782178886,96.79819107055664
Enugu,Enugu South,0.0,0.0,0.0,249642.4821217315,0.0
Enugu,Nkanu West,8.88730166015625,0.0,8.88730166015625,186496.4459486297,78.2080774307251
Enugu,Awgu,1.97537119140625,24.69545615234375,26.67082734375,249618.9778980629,138.34652090072632
Enugu,Aninri,4.909273753063725,26.79900616574755,31.708279918811275,172175.44587331894,211.21019473543353
Enugu,Nsukka,10.85100400390625,0.0,10.85100400390625,391921.99046241684,217.81630897521973
Enugu,Uzo-Uwani,1955.0001357448728,166.01873834405635,1998.278827316181,161202.53610124445,5523.135051650627
Enugu,Igbo-Etiti,19.73421982421875,0.0,19.73421982421875,263149.36050278216,177.8765025138855
Enugu,Udi,6.9097502929687495,23.896566606541057,30.806316899509802,301986.5184143444,105.93840147373723
Enugu,Ezeagu,423.8274365770519,267.1480775199142,516.7460767804065,215776.79819454468,1258.896297370219
Enugu,Oji-River,0.0,7.902358203125,7.902358203125,162894.98900269938,32.566935539245605
Gombe,Nafada,190.54672878906246,11057.37222838657,11208.906157761561,188474.73711068172,13999.415385852551
Gombe,Funakaye,1340.1123520703138,7105.700274460781,8161.705170769403,319370.92973259045,17187.28249752206
Gombe,Kwami,1185.7732405970423,4839.358190539974,5861.01751473077,261665.30251306837,10873.312242495778
Gombe,Gombe,0.0,11.20701973920037,11.20701973920037,352506.05201762076,3845.829968530991
Gombe,Kaltungo,112.51934062002142,829.3667839208031,937.9711463181682,215513.75144436033,2086.9471718834893
Gombe,Shomgom,10.772316308593751,1131.5944172173718,1141.3871276665905,202671.33969896723,2716.2236954779014
Gombe,Dukku,198.11479142271756,4809.973220375687,4973.870745571004,279264.11185785953,5404.016458389806
Gombe,Yamaltu/Deba,1679.787060445769,4142.362744816175,5655.8767233654935,344537.87409144524,9112.807295203442
Gombe,Akko,52.8403357421875,4967.695542262556,5014.6642656024,457853.47129740077,6474.84977295311
Gombe,Balanga,90.57394724762561,1922.0801974092367,1994.0607967076437,284376.5938417651,3970.552225066342
Gombe,Billiri,12.76594405637255,540.6430076424634,552.429810292586,272767.19418087206,1468.8099823063494
Imo,Okigwe,0.98852587890625,0.98853193359375,1.9770578125,175559.1625422961,9.140960454940796
Imo,Unuimo,0.0,0.0,0.0,130508.21356240919,0.0
Imo,Oru West,48.86423088311888,0.98848212890625,49.85271301202512,152458.25679028835,605.7020108727847
Imo,Oru East,42.96208371246936,0.98861435546875,43.950698067938106,147732.63417047978,640.1648758458156
Imo,Nkwerre,0.0,0.98842294921875,0.98842294921875,106295.76008416717,14.979826927185059
Imo,Njaba,0.0,9.88511845703125,9.88511845703125,189219.17850176504,192.99312686920166
Imo,Nwangele,0.0,1.97709697265625,1.97709697265625,168163.6083657096,26.464590072631836
Imo,Isu,0.0,0.0,0.0,215013.63033989916,0.0
Imo,Owerri West,9.8894490234375,25.174755288373163,34.075200112591915,135027.8285938144,276.06346543676716
Imo,Owerri North,8.89951572265625,7.337948570389093,16.237464293045342,232580.77608337483,358.06063514784273
Imo,Owerri Municipal,16.811348730468755,9.889138574218748,26.700487304687503,164818.31155718263,1055.1128845214844
Imo,Ideato North,0.0,1.9764943359375,1.9764943359375,206164.54786655848,36.63566970825195
Imo,Orsu,34.664660308670335,0.0,34.664660308670335,158912.6303629781,450.4635156070485
Imo,Orlu,0.0,2.9648833984375,2.9648833984375,189080.27587186958,29.468355655670166
Imo,Ideato South,0.0,0.0,0.0,209568.03032926944,0.0
Imo,Oguta,1101.0754189411,2173.728569808526,2870.5695365069773,187784.21223595116,10022.736775054653
Imo,Ehime-Mbano,5.9320888671875,0.0,5.9320888671875,172707.5964582911,111.64525413513184
Imo,Isiala Mbano,1.97728974609375,3.95424150390625,5.93153125,261943.3821608758,57.69186782836914
Imo,Ihitte/Uboma,0.0,0.0,0.0,156472.2224606234,0.0
Imo,Mbatoli,4.943752929687499,1.5896649031096812,6.533417832797181,312970.85637479485,129.3401520392474
Imo,Ohaji /Egbema,1886.0485408708573,1204.7464859313682,2638.701983257899,241417.7996510034,4778.497688267862
Imo,Ikeduru,5.932659765625,9.887470410156249,14.83144453125,197675.5540188452,146.70611715316772
Imo,Ahiazu-Mbaise,2.96615888671875,0.0,2.96615888671875,225492.9139990526,72.10506629943848
Imo,Obowo,7.100020140931373,0.0,7.100020140931373,155576.68290375528,122.55831397935457
Imo,Ezinihitte Mbaise,20.721758758042277,7.9117369140625,26.65552604319853,222212.15935041412,310.9834998747882
Imo,Aboh-Mbaise,14.833279296874998,0.988915234375,15.822194531249998,256756.16756848816,417.0696964263916
Imo,Ngor-Okpala,31.403852393918505,20.496178811657476,49.92169897901347,208549.098472361,191.27847017657524
Jigawa,Gwiwa,3.87900302734375,784.275276099111,788.1542791264546,163646.79089594528,2354.3532514174776
Jigawa,Yankwashi,116.32037734375014,1713.0055554511341,1771.1670324042614,122076.51002121932,3896.0152015386843
Jigawa,Guri,14840.978100742112,12783.81259676627,22042.72182054492,144065.79249382182,21412.027699586346
Jigawa,Kaugama,3991.2274270309,5024.025137677342,7553.67934961507,164019.05297431952,18319.089082209037
Jigawa,Kiri Kasamma,12550.17698171722,7558.846862274417,15604.777318979399,244455.19273040903,40325.647717326756
Jigawa,Kazaure,89.22716660156246,1170.0531777964152,1209.817634339384,204663.02928376946,8625.72515239622
Jigawa,Gumel,2.9099291015624997,47.22272399088542,50.132653092447924,134930.99198945315,307.6824844904974
Jigawa,Roni,17.4612146484375,460.0157244531249,461.9559211328125,98040.80922979818,1731.660611034842
Jigawa,Gagarawa,6.7936884765625,1534.9459153450516,1541.739603821614,104552.22094832893,1907.0770109307534
Jigawa,Hadejia,1229.9382320749035,1168.075766237359,1862.7762119018096,131673.34922982712,30426.308058342278
Jigawa,Auyo,7920.624121745135,7083.661094547379,12130.601135887582,168523.73694614993,34242.305861830246
Jigawa,Taura,4965.26941290059,4915.002179772926,7559.048350495506,167573.55437981815,18736.179878642044
Jigawa,Miga,4845.470723107753,3585.575172612581,7418.270324437718,162588.09917792483,20058.160529008568
Jigawa,Ringim,2127.3221647732785,5103.151514205689,5840.034284961639,244591.45778788332,22155.289983045124
Jigawa,Jahun,970.6584208256752,5258.549129898887,5692.605170969278,291994.4670661583,13031.42585131713
Jigawa,Buji,1047.4774318229165,3256.5135189694442,3729.8782849126833,123341.19362727684,8940.16869620786
Jigawa,Birnin Kudu,207.99038506855072,3060.4507669768673,3185.9409956793784,399349.1437212632,8108.4570824003695
Jigawa,Maigatari,7.75704755859375,781.6892269703583,789.446274528952,224818.1788077758,2807.9332663885516
Jigawa,Sule Tankarkar,32.99202783203125,1420.3210564748008,1453.313084306832,171737.07661949724,1833.5918302015932
Jigawa,Biriniwa,10.690607148820465,4747.600043624772,4758.2906507735925,180505.54772841764,4597.816293233049
Jigawa,Babura,2.91051943359375,1391.1173436243885,1394.0278630579821,270408.7683273916,3484.915751803389
Jigawa,Malam Maduri,1887.9837500382953,2382.5098147200524,3742.6136879886694,210172.62289953593,11946.923342187501
Jigawa,Garki,8.7372322265625,1590.4375864732697,1599.1748186998318,190917.72321165254,2081.4305153934392
Jigawa,Kafin Hausa,3983.3124039576624,10273.687494576048,12159.013371441057,339257.1716374961,31521.303275741782
Jigawa,Dutse,386.31065117187524,1825.4715101642919,2176.7520619221036,319581.9566781721,6997.995499585189
Jigawa,Kiyawa,288.140569755285,5134.9270913626,5297.984446550631,219951.66351834952,7648.646406534372
Jigawa,Gwaram,86.75452460937501,5792.45275046492,5868.485336109454,344839.33703213907,11681.845626413353
Kaduna,Ikara,5.8471583984375,419.979353481541,425.82651187997845,252891.81012294674,1672.2622807477032
Kaduna,Makarfi,6.820658398437501,229.62450649318325,236.44516489162075,190344.86161339964,1045.5234763016888
Kaduna,Kudan,6.8245645507812505,97.46921686351104,104.29378141429228,180512.48653366236,537.6710321566638
Kaduna,Kubau,3.90349580078125,1043.1286483436734,1047.0321441444546,364817.64461837756,1884.9435745676358
Kaduna,Chikun,3826.1484276945584,5345.7257819615625,6258.199624914112,484597.32063668116,2861.769041546595
Kaduna,Kajuru,14.66782294921875,249.9008949513633,263.59067053730087,142568.276537101,264.1017268545487
Kaduna,Kachia,55.83172158203124,1341.5114134279258,1393.424412841988,328075.2235561367,1581.5147814217444
Kaduna,Jema'a,19.612824316406247,388.6656015801163,404.3556906426163,361255.3275700781,911.5232143978277
Kaduna,Sanga,0.98096025390625,169.42917630782802,170.41013656173428,196620.79240993076,261.5990110054904
Kaduna,Kagarko,7.964813452435663,831.5465991570924,839.511412609528,310428.223611951,1723.041512697935
Kaduna,Giwa,1.95115888671875,1512.7370636289827,1514.6882225157015,379480.223633698,2715.758862400522
Kaduna,Birnin Gwari,1.954033984375,1332.0328493788309,1333.986883363206,335891.78463777126,1760.2780477723654
Kaduna,Sabon Gari,1.95005107421875,141.36139981962316,143.3114508938419,379353.86892885057,2118.406357179436
Kaduna,Soba,6.8309017578125,1192.6102489748005,1199.4411507326129,377785.1184327774,2026.4281650966288
Kaduna,Zaria,3.901643359375,232.13108115885416,236.03272451822917,527596.6843816058,2879.235151517625
Kaduna,Igabi,81.72510885301777,3197.470977470894,3262.9054180958933,562379.2760660503,5552.797922148015
Kaduna,Kauru,26.388931640625,540.6716170729932,564.1284096511182,287127.3100381122,1043.8511359961008
Kaduna,Lere,11.729788281249999,710.5008330966609,720.2759440341611,440813.13869787985,1564.5664089297547
Kaduna,Kaduna North,1.2874353205422795,115.01323467754291,115.99033350566792,471644.86380854156,5337.4144939403905
Kaduna,Kaduna South,0.0,60.50623726447609,60.50623726447609,519102.64675964357,3685.34897368188
Kaduna,Zangon Kataf,5.875533984375,158.98978366996016,163.8862566191789,414182.4534684,303.8686941471754
Kaduna,Kaura,0.0,159.65160609183522,159.65160609183522,226198.93931688438,358.3281749898312
Kaduna,Jaba,0.0,298.10053166207115,298.10053166207115,202249.22950799967,1220.159366990772
Kano,Dambatta,1.9419169921875001,1050.3707645239738,1052.312681516161,284134.8123240253,3131.2778996313323
Kano,Makoda,125.27477226562497,1092.8529111278351,1160.8307554637727,296183.7154843545,7149.058496829575
Kano,Kunchi,763.7843014648425,1798.9241262021294,2043.4911419247865,149348.46956096205,6026.4915061934325
Kano,Tsanyawa,24.42106405828739,348.957398894761,357.15221723920035,212798.85263873788,1812.192365604756
Kano,Tofa,29.044891093367035,93.83629365004593,118.0207134543504,132752.2714287837,788.3818549520829
Kano,Ajingi,452.8244406330424,1778.6470363499539,1921.5450766735598,233001.89931367154,5320.590525482449
Kano,Nassarawa,0.0,2.5124156770833332,2.5124156770833332,796508.1313763637,1159.0715665929458
Kano,Dala,0.972221484375,17.899597070312502,18.8718185546875,558456.0149859765,2317.4112481509937
Kano,Fagge,0.0,6.805669921874999,6.805669921874999,270506.3290481417,552.8479385375977
Kano,Rimin Gado,16.198059625459557,90.64979756280637,103.9301486921722,139375.2866400383,749.4493757916433
Kano,Gwale,0.0,8.750472265625,8.750472265625,484363.73299859,2027.6494903564453
Kano,Tarauni,0.0,9.722548828125,9.722548828125,299091.85075479414,1180.8794746398926
Kano,Warawa,24.31743193359375,140.60507636182598,158.1139536079197,178516.7216723174,1005.3567442730362
Kano,Kano Municipal,0.0,3.519696441865809,3.519696441865809,495984.72632895084,510.18972121594
Kano,Madobi,94.94862643458944,405.89711400926774,455.68772109796265,185686.46507984708,3288.198197327408
Kano,Dawakin Kudu,197.97975748008565,973.3470525291066,1067.2474966777736,304217.0488632697,7890.095508829752
Kano,Wudil,604.4307592765782,1406.6158602822434,1514.9695266601545,254655.90410792216,11199.268160340369
Kano,Gaya,20.432856835937503,353.3634237630208,369.9042844075521,279590.25369838753,1860.4684692927435
Kano,Karaye,1411.7398294443196,1626.7124274218759,2113.765239505599,194547.3873133068,8913.019579912869
Kano,Kura,66.64819746859685,210.05380805376834,245.5687994676777,193296.0941983724,1355.1354926212161
Kano,Kiru,342.4664070484835,963.8914931322755,1131.4066679438572,359620.5956512671,4103.376752738858
Kano,Garum Mallam,132.47371064453128,599.7985240812646,645.0516328327969,159919.57328593897,3509.8066710481453
Kano,Bebeji,392.79771111213216,877.2510224218757,1109.1725354028804,259207.99509765982,3599.9463231493446
Kano,Albasu,3.8940658203125,509.3334223778341,513.2274881981466,253089.2972810866,2538.341563683398
Kano,Garko,249.23479853515602,391.0371786010263,511.76024705805787,218401.84383037844,2407.211159672924
Kano,Rogo,75.53297774471508,781.5537395818018,813.168800105699,306940.45331622584,2505.7125463149127
Kano,Kibiya,1.4444265521599264,209.73797287032778,211.18239942248772,187050.86335767087,1234.6213311003703
Kano,Rano,589.8001459336701,627.8253891869648,979.9894692930454,199543.53973300345,4136.099309568779
Kano,Tundun Wada,604.7442934949446,896.7567380767464,1307.6536811159624,308800.7831102021,3741.423655237871
Kano,Doguwa,13.6692361328125,608.4362736783852,616.2470596158853,203333.19729748255,1064.5621161900315
Kano,Bichi,140.1511341436888,546.8867195745252,617.2602790793505,375005.19961470645,2815.5231000975064
Kano,Minjibir,64.15176051891854,182.60512431985296,217.34027573491105,296444.2356880072,1792.4661981489144
Kano,Gabasawa,117.85310187040444,973.4970926819091,994.2526220044431,284795.7580671189,3759.292889660012
Kano,Shanono,118.76062397863055,249.11735027343747,324.9366726861212,187924.68370490696,794.8243318508652
Kano,Dawakin Tofa,9.831757687653186,114.79506017578129,124.62681786343451,332729.5878200366,947.8608630904964
Kano,Bagwai,212.22484083907787,320.2541603703278,404.92316120136377,217620.7364731593,1705.8163999333099
Kano,Gezawa,50.51513139437809,235.7568583593748,265.15635950214426,381398.5111926564,2857.868891855315
Kano,Ungogo,7.776140527343751,168.5318781537225,175.33592659122252,501777.6509800927,3420.665968193727
Kano,Gwarzo,3.889662890625,232.4507598207722,235.36800308249096,248194.18002848758,1485.607812035785
Kano,Kabo,13.014944628523283,398.70232572342206,411.7172703519453,206424.18395517181,2381.6504409294507
Kano,Kumbotso,16.44866613013174,190.22351703048403,205.6996256410845,398113.06182251906,4399.037116211536
Kano,Bunkure,7.900004298406864,238.6075131326592,246.5075174310661,235496.78345684998,1225.1455103747985
Kano,Takai,6.818023046875,687.5466026263787,694.3646256732538,273626.4644959608,2955.0054725551136
Kano,Sumaila,2.92294287109375,636.7314999479166,638.6806470182291,337989.54864829266,2134.5558730017906
Katsina,Mashi,16.466633300781247,1421.9584961661317,1437.456513451288,220734.05924193905,4293.371035358719
Katsina,Mai'Adua,37.28693656709559,1492.8463505775112,1523.3565313828879,260578.7733345601,6460.991025052819
Katsina,Daura,515.7572503251381,1312.6293608674207,1454.5000979113054,290855.6117905406,11145.201972114339
Katsina,Zango,5.72969802198223,769.1015263660386,773.8624008528645,201795.38168192987,3142.5570446325282
Katsina,Katsina,0.0,52.114008253676474,52.114008253676474,410547.3498086806,1604.0393925105823
Katsina,Rimi,113.36471406249998,703.8693804522825,788.1621003741576,199730.56493459703,3963.2241990680786
Katsina,Batagarawa,12.595173144531248,325.25548796951574,337.850661114047,244244.53285813282,1880.7115191347457
Katsina,Dutsi,34.87993115234375,1801.4737947679198,1836.353725920263,155975.7014574149,7489.048993183118
Katsina,Sandamu,0.0,843.3357670232078,843.3357670232078,177438.05144369652,5881.936058458393
Katsina,Baure,6.860366108685662,1427.3244396017158,1433.2156101049322,262506.4186737494,4817.829616647141
Katsina,Kurfi,2.9076740234375,457.4618674578738,460.3695414813113,150810.18086942643,1230.8284921837787
Katsina,Charanchi,7.76083818359375,318.38707111443017,326.14790929802393,176473.53866516365,1571.5670427902073
Katsina,Safana,32.978918198912375,1818.6454902512241,1847.7412847196679,239457.39970545523,3923.7216728356534
Katsina,Kankia,22.317367187499997,583.8477341440713,605.1946850229776,196063.58454004856,1363.2174320562215
Katsina,Dutsinma,43.68429677734375,384.9747563721662,426.71727980966614,219682.1320716906,1947.5843139358594
Katsina,Kusada,1.9407830078125001,486.86315596583955,488.80393897365207,127136.96146698669,1325.5845805084004
Katsina,Matazu,2.9137103515625,542.3836687415749,545.2973790931375,146894.30593460056,1665.4955414959027
Katsina,Danmusa,4.8551470703124995,1224.4609156284466,1229.3160626987592,146431.02210851456,2337.5407484192474
Katsina,Musawa,6.8045228515625,576.3203788786761,583.1249017302389,219530.6204531823,1556.984023833976
Katsina,Malumfashi,1.9445972656250001,399.3598461860449,401.3044434516699,236502.12882037344,1370.7451770988164
Katsina,Faskari,15.574299609375,4400.849365174279,4414.477289783654,251659.1131404334,7131.734436736212
Katsina,Kafur,12.596922857306984,1330.6874232816322,1343.284346138939,271075.34213362786,3301.8598237334513
Katsina,Bakori,0.0,380.44237510723036,380.44237510723036,193377.34220409606,783.4510437719962
Katsina,Funtua,0.9736681640625,127.27535812806376,128.24902629212625,291265.9882225188,1324.5544999735027
Katsina,Dandume,0.0,177.9986386841299,177.9986386841299,187564.06753629757,922.4507239217852
Katsina,Danja,0.0,452.92612204159053,452.92612204159053,162243.26946074358,1377.4884236994912
Katsina,Sabuwa,0.0,735.7004835274976,735.7004835274976,181539.78072875243,1944.869529497039
Katsina,Kaita,33.87530283203125,1303.758811906787,1328.9243224536624,235716.4900706449,2739.0622342410043
Katsina,Jibia,18.397840429687502,2126.3247695837163,2144.722610013404,216550.3859477539,3524.318039812411
Katsina,Mani,4.84446083984375,1436.9743785229025,1439.8810192455587,227784.1255814478,4102.384234465571
Katsina,Batsari,3.87778994140625,4353.15320472427,4357.030994665676,268426.1532919991,10058.58416435111
Katsina,Bindawa,66.90676337890623,243.19255557253376,285.8569120178463,194533.7892154626,1892.6492530313194
Katsina,Ingawa,2.908824609375,1521.78404014208,1524.692864751455,218608.6007514965,4422.845657527214
Katsina,Kankara,0.972529296875,1390.9010258785227,1391.8735551753978,314255.0377678572,3694.7689639248097
Kebbi,Augie,2460.6237042551315,10339.559168723588,12383.116141923283,153363.11043460516,11875.62990630304
Kebbi,Argungu,2115.318132236138,7352.433796562893,9339.149168057593,263252.9605604309,15763.33568627589
Kebbi,Kalgo,252.93834608685674,3465.143566334253,3679.228887323453,111873.38554948533,6281.9827372716945
Kebbi,Aleiro,49.70218267118567,3629.0409495875238,3665.1433049149605,88738.12947326826,8241.524431478741
Kebbi,Jega,24.127222895220584,1956.5139471840546,1974.8125204699002,259272.97053185123,8061.411414942847
Kebbi,Bunza,506.07050093290525,2501.2691832176793,2900.431835713082,162302.83042307245,8034.256957625699
Kebbi,Zuru,0.9741400390625,158.7546899954044,159.7288300344669,216905.8054041966,631.2537312250511
Kebbi,Fakai,51.63385166015624,805.1445157923558,844.1135796595436,157657.07778788867,779.5760683284086
Kebbi,Shanga,140.76652717026656,1281.6387916907938,1393.158357532936,167012.1413368777,2125.2061616767273
Kebbi,Sakaba,5.85238798828125,1003.8991850735295,1009.7515730618107,120701.35919474348,1071.0999909877778
Kebbi,Yauri,10168.314689283518,7063.334796891782,13090.743002127218,131681.27486892708,9832.601922349488
Kebbi,Danko Wasagu,0.97315673828125,2370.5907986825987,2371.56395542088,348849.6059116791,2217.797193465338
Kebbi,Arewa Dandi,222.73088009689025,15181.726126848582,15396.698506554843,243855.15087319902,6956.171496929784
Kebbi,Gwandu,28.147409667968752,8484.420192476271,8487.331932905958,198647.30265873406,15847.664871489771
Kebbi,Birnin-Kebbi,235.89941015050545,8849.538388406463,9067.9664520726,353246.38920649316,17761.053882113625
Kebbi,Maiyama,133.6609205759804,6292.235997634418,6404.4875916479,228558.00258839503,9648.98354752911
Kebbi,Dandi,6322.298310107623,7600.281533110074,12120.348713690693,192280.32731246518,10675.666334980146
Kebbi,Suru,3356.969103245258,4925.193186852788,7664.536231489736,195369.767063781,9652.342332453703
Kebbi,Koko/Besse,333.9655210864732,6061.3387879120555,6219.54340610369,203492.5820319048,6969.662477176974
Kebbi,Ngaski,24363.526898647484,17015.630422685997,29443.530642567297,165668.41545876343,6153.847828745316
Kebbi,Bagudo,15973.975367999405,15159.504580557968,24992.348723970634,309080.9860572619,19994.151819494105
Kogi,Yagba West,53.17630945542281,201.89011371821385,247.1983907517617,180372.18376146938,700.0098348648525
Kogi,Yagba East,38.27792278837316,209.15447945006122,236.61635155484066,190673.24341793312,771.8629131553804
Kogi,Mopa-Muro,0.0,120.01425351562501,120.01425351562501,56592.61364021362,96.3508086130023
Kogi,Omala,187.70182856962282,189.43743313036146,273.21312089192696,139318.25489006468,255.23861045895833
Kogi,Ajaokuta,6458.580304723122,4276.122400056296,7233.2114297124135,158340.57124601447,14387.357372101442
Kogi,Ankpa,6.8956251953125,61.07641328124998,67.97203847656246,343278.77316065965,264.7204484343529
Kogi,Okene,0.7728417049632352,46.07484623161765,46.847687936580876,417004.3409024601,1303.0514094904356
Kogi,Ogori/ Magongo,0.0,3.94038623046875,3.94038623046875,51745.98426868583,42.055192947387695
Kogi,Igalamela-Odolu,5086.407910271132,3561.353628481158,5797.578009395306,190481.24976726936,15297.196207338979
Kogi,Idah,2767.7551322319177,2478.428441183742,3421.4131042252525,102466.42694468127,79982.80969409336
Kogi,Ibaji,80459.93271688333,48240.88058902674,92980.04783448823,164823.50672710827,117447.09520200489
Kogi,Lokoja,21491.655179001245,14744.062698897063,24272.979514768245,254443.21184897915,22061.934448012827
Kogi,Kabba /Bunu,2.95171328125,262.87853546262255,265.8302487438726,186543.92958504474,187.80192351940215
Kogi,Koton-Karfe,32227.9363026786,18199.634603436032,33482.2751476931,148565.8758286581,43946.884750432364
Kogi,Ijumu,0.9837095703125,98.20620819125307,99.18991776156557,152902.32423526843,209.3273483838521
Kogi,Bassa,20097.00988044305,12349.383576216773,20981.433015094877,180092.9226294544,23041.68371561731
Kogi,Okehi,5.907540527343749,54.918460122932,60.826000650275724,288801.61483749317,328.9214845880574
Kogi,Adavi,2.95397509765625,75.18370450022977,77.15302461741727,283171.1517129991,622.470980203853
Kogi,Dekina,0.0,62.038057910156255,62.038057910156255,336905.4186155946,148.08513769507408
Kogi,Ofu,4402.857183604479,3193.1032996522663,4851.6978702045135,247149.21332427836,10613.135317011911
Kogi,Olamaboro,3.94282041015625,36.47179521484375,37.45750126953125,204806.74974462145,44.80452224612236
Kwara,Pategi,18062.491977838123,14743.20955997625,20662.658784248553,141717.86755942574,17193.948294831425
Kwara,Ilorin East,18.43520848422181,44.532932161841295,59.03750353668811,265870.31041169394,717.4828690378106
Kwara,Ilorin West,20.6394765625,30.459814226026346,43.236568425245096,463727.33345104766,571.670227284525
Kwara,Ilorin South,3.9311115234375,12.02152335248162,15.95263487591912,265138.5375029818,294.7548434781093
Kwara,Irepodun,4.868239599800858,43.27570859375,48.143948193550855,188465.01739874572,182.7143535894506
Kwara,Isin,0.04628577205882353,31.168427554381132,31.214713326439956,76012.61244407963,34.78601782041438
Kwara,Oke-Ero,0.0,68.84440820312498,68.84440820312498,73184.32534692726,125.6191043406725
Kwara,Ekiti,1.9678409179687502,85.39399533432905,87.36183625229779,69786.87876941406,130.04960182133843
Kwara,Edu,17899.658638791567,15311.90033619649,22428.52597825836,257730.01585378195,21426.351906653363
Kwara,Kaiama,994.0152811684277,969.3155618983609,1658.2581680016854,158554.77671142595,1299.4778438693754
Kwara,Baruten,79.45312890625,377.52015642769607,429.50804304878983,264457.102331851,305.94195441444424
Kwara,Moro,249.4632275854015,395.1652270063574,547.094421799939,139365.80113198492,382.433659498861
Kwara,Ifelodun,29.035344698223042,366.99563080882353,382.2779197453278,262560.2777543567,343.88677466140655
Kwara,Asa,34.40657216796875,117.93419853515626,148.408530859375,160626.27601453796,193.0348278582096
Kwara,Oyun,0.0,4.917113378906251,4.917113378906251,121006.17503654904,9.768426418304443
Kwara,Offa,0.0,1.9671517578125,1.9671517578125,113350.47934673764,16.038952827453613
Lagos,Ifako/Ijaye,103.37875603439035,0.0,103.37875603439035,567390.7101570277,20110.367843972
Lagos,Alimosho,124.08945356081495,0.98698515625,125.07643871706495,1751129.264813798,19930.623841109933
Lagos,Agege,103.180357835861,0.0,103.180357835861,610528.5918558307,39744.29949077532
Lagos,Ikeja,62.510914592907454,7.09804638671875,69.6089609796262,428695.88636368373,5919.085734677783
Lagos,Kosofe,408.78613945886974,14.803039453124999,421.615455572151,904566.9037333004,39741.7152292906
Lagos,Lagos Island,249.56652900122538,125.5180000011489,363.2392674789368,280803.9559344588,14391.837463294756
Lagos,Oshodi/Isolo,114.52772900735295,37.314219628906244,150.8550050815718,831672.4293652109,32484.396890019438
Lagos,Shomolu,30.24057327933517,0.0,30.24057327933517,537960.4900393016,11646.598444082221
Lagos,Mushin,87.95116871093748,1.97393046875,89.92509917968749,833848.3442942903,48133.35187150544
Lagos,Ojo,155.4354282973346,111.0557840242034,257.6064238449756,804584.8871813988,12396.396525598038
Lagos,Lagos Mainland,64.79999381740195,8.80268299977022,71.62841558670343,435737.29582743975,13114.5238095751
Lagos,Surulere,246.424012643995,0.0,246.424012643995,674467.8828535792,50760.05096454993
Lagos,Amuwo Odofin,277.5474913434434,241.8503323690257,495.70497634918814,441704.8521135902,12196.078290761687
Lagos,Ajeromi/ Ifelodun,48.489754950214454,2.96150712890625,51.45126207912069,907201.1978042003,33110.090069729675
Lagos,Apapa,118.21786732804833,70.46512570810356,174.86179469630838,301872.8750631445,6813.240630512613
Lagos,Ikorodu,211.46892245289547,57.10368915287991,267.5857604339004,701628.7351379094,6854.470172260321
Lagos,Ibeju Lekki,81.487085904182,644.8294265368413,726.316512441023,154647.57340332324,2917.4988303930154
Lagos,Badagry,133.20500185738356,416.1126604273899,531.5486661910234,313684.69644140266,3331.7134952554516
Lagos,Epe,1997.5291898307323,1257.2198964001234,2955.056411488205,241159.95256146352,2558.576934204616
Lagos,Eti-Osa,359.7302851076134,214.5518039211856,558.4870151030177,375284.5994629225,8681.325015507493
Nassarawa,Karu,95.95372900275733,684.957508006664,768.1563855445777,277393.8547813439,860.8295461988041
Nassarawa,Wamba,27.486755078125,145.7886824130668,167.3851819247855,93012.29179991168,121.13566927483268
Nassarawa,Kokona,20.668788424862132,104.65604560623466,122.37973188265931,139002.525685777,77.1981943592137
Nassarawa,Akwanga,39.262237109374986,48.907362206648266,86.20642646446083,143117.18579900812,141.6271557293686
Nassarawa,Lafia,216.7750051191024,3264.103812644762,3402.296633974802,422394.10899769096,3706.8799658542757
Nassarawa,Keffi,0.0,13.745134570312501,13.745134570312501,118313.8106419413,123.69587683677673
Nassarawa,Nassarawa Egon,55.97611230468748,356.47755063763765,409.50784682904384,189797.8461898752,540.393896457027
Nassarawa,Nassarawa,41706.54180957664,30679.7332214613,44748.65525894156,240005.9851118339,24360.135504650694
Nassarawa,Toto,15477.303381291029,9017.932801576726,16310.671103819313,152569.7515239685,12564.602385405029
Nassarawa,Awe,1083.7461665866276,4146.464283496093,4638.3175324295335,144702.96213363315,4369.381736281485
Nassarawa,Obi,0.0,258.41222090801165,258.41222090801165,190360.6619475084,236.36774471799532
Nassarawa,Keana,4.91802197265625,447.9546350271907,451.8890693045344,104646.19669898071,432.9224465647749
Nassarawa,Doma,21136.247425563626,19162.16732188373,25797.601760976006,178027.4915273611,27782.88866398273
Niger,Mariga,30.28072080307904,2121.530708080959,2148.7917982395065,271649.5780595103,1359.2394189747527
Niger,Kontagora,3.088676778109681,528.8754255487898,530.8300507441023,206739.51058897338,689.9764075636865
Niger,Shiroro,1660.2095055051384,3752.0334683034657,4249.435418422953,320649.892420671,2857.66913781803
Niger,Mashegu,1397.1022400532308,4093.319887923563,4743.172459674097,292654.79383740574,2094.8828851583253
Niger,Muya,10729.713501760063,7647.396800332789,12626.547552405807,140855.97298887165,3509.4773118340795
Niger,Wushishi,660.2416523376223,2230.609039627378,2676.320443722822,111195.54205447192,2724.8309938587395
Niger,Bosso,9.426458203890931,1576.375708903569,1584.4343350696995,202616.71879576828,1032.4654948285397
Niger,Chanchaga,0.0,13.76238330078125,13.76238330078125,273206.4166619816,508.8830768248614
Niger,Mokwa,53050.21481087468,34636.339123957885,57143.01923606258,330618.7746147662,56881.93170848941
Niger,Gbako,5371.178139100008,4776.309443056831,7648.57728214422,172934.05168342224,10147.148653267586
Niger,Gurara,20.588885058593753,122.33637363013173,140.96380195044424,124293.77353433729,329.31060484823064
Niger,Tafa,3.92301845703125,40.21135244140625,44.13437089843751,114732.64028460789,346.56195616722107
Niger,Suleja,0.0,20.940032481617646,20.940032481617646,290592.903756023,633.7209190326578
Niger,Bida,0.0,2.9436068359375,2.9436068359375,251030.22283252125,211.81583786010742
Niger,Edati,9357.419989111102,10149.217017188903,12063.064309528861,217042.9253241686,23042.438248807783
Niger,Lavun,27230.668271324717,18227.648587673797,30939.340510189748,286488.44409616897,31702.22817527021
Niger,Rijau,61.47752341567096,1727.9451865035232,1781.710544587163,239627.14945854185,1923.2169129912759
Niger,Agwara,9921.06088497164,10408.738211373304,13185.506563083314,78101.32020140541,4092.545921869839
Niger,Magama,3186.7045424088456,2649.126103015856,4700.607467408846,246732.24534464144,2004.667606665778
Niger,Rafi,44.032558789062506,653.1448201884192,688.371908762638,253321.2105036626,823.8278867034935
Niger,Paikoro,26.465759082031248,256.37618756433824,275.98051363855694,215068.35949663367,329.3341464033314
Niger,Katcha,18413.721272001043,12703.64225892756,21444.109296816798,164500.3554122081,17705.036571150147
Niger,Lapai,25006.850042081835,16693.45203561456,28586.933566701366,159380.89137353117,11460.19116239185
Niger,Agaie,6636.665337673428,5254.868862503441,8985.423851907537,179700.626926158,8120.099984016606
Niger,Borgu,13739.844939087734,9697.922737321931,17255.957914729446,235122.1429998838,3699.3964356408983
Ogun,Egbado /Yewa North,48.30683837890625,88.727344921875,131.11750957031245,246670.80326728124,256.0038805305958
Ogun,Abeokuta North,449.15420798904677,368.07957919079405,632.7288516796875,266504.87822387624,1219.9811273413543
Ogun,Abeokuta South,38.418036175704664,42.09072062385111,74.59403043236824,333908.6716157296,3501.839008944642
Ogun,Ewekoro,23.346281395526958,52.43668601217831,74.13505246706495,74175.25651297033,121.84757857217508
Ogun,Remo-North,0.0,21.695183593750002,21.695183593750002,80105.81841576094,98.56132590770721
Ogun,Ikenne,0.9863521484375,25.108869471507354,26.09522161994485,159492.61822262956,253.18701245270523
Ogun,Egbado /Yewa South,4.9332099609375,51.52684453967524,56.460054500612756,225612.82765937602,181.5414666189867
Ogun,Shagamu,28.480365957031246,48.23650299670649,76.71686895373776,343571.0468645174,443.4351347544614
Ogun,Ijebu North-East,0.0,1.9726896484375,1.9726896484375,91954.14288686875,14.805139064788818
Ogun,Odogbolu,10.85236982421875,10.85079697265625,20.716702539062503,168723.066898201,76.48866534233093
Ogun,Ijebu-Ode,0.0,11.715646485523898,11.715646485523898,209944.78830960067,90.92741591836892
Ogun,Ifo,1093.8224231920206,166.3184127523747,1177.3995359509038,723428.7340498078,22117.87300152802
Ogun,Ipokia,2.9599932617187497,285.3637711056217,288.32376436734046,201492.05421175028,570.3538306858024
Ogun,Imeko-Afon,1.970425,27.575140234375002,29.545565234375,111191.44806999966,46.71441209316254
Ogun,Odeda,153.15919013442104,234.17692878638164,361.4087212745098,146987.5712683047,398.72780618106617
Ogun,Obafemi-Owode,872.8571585431989,398.0270448073683,1145.1900129488356,315914.19374844176,2492.4716241073374
Ogun,Ijebu North,18.7352255859375,22.6798576171875,41.415083203125,376058.1226368463,123.42179548740387
Ogun,Ijebu East,192.22378253638178,114.88326391773899,294.28752931678923,147076.88001794103,311.6400736201043
Ogun,Ado Odo/Ota,183.847111272978,121.99767658126528,302.8839595339308,708386.8017388146,4032.618239193804
Ogun,Ogun Waterside,86.18639840686276,208.40952287339144,285.38282606426156,99480.34493761332,324.89977282718115
Ondo,Akoko South-East,0.0,37.24637702780331,37.24637702780331,106537.73128712625,149.74693747875736
Ondo,Akoko South-West,1.9707271484375,28.570893554687505,30.541620703125005,295062.3208715199,193.6176759004593
Ondo,Akure North,62.85945407475489,104.44640546874999,167.30585954350488,170336.88426446394,438.1293235199124
Ondo,Ose,30.579776953125,23.65696865234375,54.23674560546874,186651.93720779184,85.85547012090683
Ondo,Ile-Oluji/Okeigbo,0.0,23.170496704197305,23.170496704197305,221423.64102277753,289.5989743307525
Ondo,Akure South,0.0,10.842232421875,10.842232421875,465286.4299037529,137.84381806850433
Ondo,Owo,19.921942217371324,9.860459375000001,28.796813604090072,287667.95269416145,97.79914128359627
Ondo,Ondo East,0.0,9.464635295266543,9.464635295266543,98303.03793352883,23.82710637134664
Ondo,Ondo West,0.9859189453125,13.8054873046875,14.79140625,373434.20565885445,73.31801515817642
Ondo,Ilaje,1054.9011781648264,848.6989369776351,1858.1478434497524,350615.7438975081,4053.4850243222486
Ondo,Ese-Odo,50.36632763671875,44.43857656249999,92.83004472656248,204218.19715729402,478.59386187791824
Ondo,Akoko North-West,0.0,44.314665234375,44.314665234375,274437.8408474093,210.0815930366516
Ondo,Akoko North-East,0.0,26.616776324678305,26.616776324678305,231980.2564149684,158.25428942371818
Ondo,Ifedore,0.0,18.209722568933824,18.209722568933824,228141.24021646657,117.67802109437831
Ondo,Idanre,1.97173671875,164.6943692681526,166.66610598690258,168254.51474000205,429.64348611586234
Ondo,Odigbo,8.879652539062501,24.664849804687503,33.544502343750004,300697.7957411815,129.679280936718
Ondo,Okitipupa,10.857818066406251,5.9224044921875,16.78022255859375,302981.592867953,140.46025782823563
Ondo,Irele,0.0,0.0,0.0,186238.5458224733,0.0
Osun,Ila,0.0,6.888165625,6.888165625,82220.05738324692,11.861116111278534
Osun,Ifedayo,0.0,0.98397626953125,0.98397626953125,49503.35952673405,6.240753173828125
Osun,Boluwaduro,1.9678662109374998,33.16887465533088,35.13674086626838,93958.13584374647,262.8039184878854
Osun,Irepodun,0.0,61.99856259765624,61.99856259765624,156693.25039333297,341.8408844470978
Osun,Egbedore,4.92227119140625,4.922209667968749,9.844480859375,99637.27652955499,56.247997760772705
Osun,Ede North,0.0,0.9845392578125,0.9845392578125,110468.46577962075,9.95962905883789
Osun,Atakumosa West,3.93981904296875,28.568268261718753,32.5080873046875,91350.89018338267,30.9376277923584
Osun,Ede South,0.0,0.984703515625,0.984703515625,99738.59020894334,1.7960213422775269
Osun,Ilesha West,1.9695318359375,0.0,1.9695318359375,141015.2457563404,118.5199089050293
Osun,Ilesha East,0.0,0.98475390625,0.98475390625,138616.00184511158,29.19169807434082
Osun,Atakumosa East,1.9714689453125,45.831674810049016,47.80314375536152,101516.022604773,88.04097032231442
Osun,Ife Central,0.0,0.985133984375,0.985133984375,219300.73672671826,14.335932731628418
Osun,Irewole,23.646690234375,37.636992910156245,50.44574554687498,188850.3414442003,159.61639473438262
Osun,Ife East,3.941337890625,5.91205869140625,8.8680630859375,246659.8669970435,138.5279884338379
Osun,Isokan,7.884100976562499,2.95640087890625,10.840501855468748,134087.76880826135,82.4697368144989
Osun,Odo-Otin,9.319039901194854,63.58378214192708,69.95076735562193,174445.3100109256,184.95910064005386
Osun,Ifelodun,0.0,20.66503046875,20.66503046875,127894.53291833446,115.85519981384277
Osun,Olorunda,5.692161499310661,51.9049627634804,57.30385448950674,174170.95264221754,272.67075251037
Osun,Ejigbo,2.95299833984375,10.827235839843752,13.7802341796875,174856.42858742696,41.97594428062439
Osun,Orolu,0.0,0.0,0.0,135919.37657449802,0.0
Osun,Boripe,0.0,5.90485732421875,5.90485732421875,182247.20758426609,46.317702770233154
Osun,Obokun,0.0,37.407728417968755,37.407728417968755,154917.67157073165,65.72349512577057
Osun,Ola-Oluwa,0.0,3.93787890625,3.93787890625,100976.0464141214,3.6730898022651672
Osun,Osogbo,0.0,0.9844431640625,0.9844431640625,204407.19862956204,17.834497451782227
Osun,Iwo,1.969459375,9.847175097656251,11.816634472656249,252490.16046980987,53.9309515953064
Osun,Oriade,0.0,15.615193771829045,15.615193771829045,196871.5660553599,31.74300172141954
Osun,Aiyedire,0.98495,1.96967041015625,2.9546204101562497,100572.94589132251,11.737191915512085
Osun,Aiyedaade,4.9297145507812505,2.9771004787071074,7.9068150294883575,198041.9187885514,7.972677043255637
Osun,Ife North,8.8712435546875,0.0,8.8712435546875,204580.28892440617,4.9454395622015
Osun,Ife South,2.9565947265625,5.91307353515625,8.869668261718749,179196.73045147804,15.119648337364197
Oyo,Irepo,1.96253759765625,13.736944921875,15.699482519531252,163065.85067501265,73.8601268529892
Oyo,Olorunsogo,0.0,47.138760058593746,47.138760058593746,109558.90449968533,322.00463101267815
Oyo,Saki East,10.8056802734375,186.60023320312496,197.4059134765625,147487.21232988956,249.32749551534653
Oyo,Saki West,5.8955238281249995,101.20986240234379,102.19239785156253,367131.2567717385,538.0379319787025
Oyo,Atiba,152.60501011795344,1658.1228441478997,1781.701891997548,226481.69898485148,3648.0264237887723
Oyo,Atisbo,112.14419474954043,214.77203090954345,301.045513370481,148358.62245584442,237.87497827714566
Oyo,Itesiwaju,91.2162796564798,184.08963989276958,256.45583009842215,171459.3947307672,255.91908497424686
Oyo,Ogbomosho North,0.0,3.9336707031250002,3.9336707031250002,268752.56882343465,18.488160371780396
Oyo,Iwajowa,11.633151384420955,159.91772770105695,169.5832368979779,138750.65908428753,224.57685990640346
Oyo,Kajola,11.80577392578125,50.47852868221507,60.316739522058825,269776.6457285716,269.1445457421097
Oyo,Oyo West,3.9365474609375,994.1534614472273,998.0900089081647,184554.7772129944,1544.4815991867993
Oyo,Ogbomosho South,0.0,0.98362412109375,0.98362412109375,134856.3168464502,13.735031127929688
Oyo,Iseyin,12.960228792892156,791.2278950298711,803.2040323188571,344403.21697262494,1560.8391183364624
Oyo,Oyo East,6.314115725719975,135.13679781632968,141.45091354204965,165957.57891551015,823.3682229088802
Oyo,Ibarapa North,7.878953808593749,285.85210705346196,293.73106086205576,135247.6894678126,456.48333521333393
Oyo,Ido,210.73025958716292,94.45273410577512,303.21259603668807,141451.56037990496,621.9324184385
Oyo,Akinyele,155.0566378308822,17.773852779181983,172.83049061006417,286710.1435346294,4019.8821267226162
Oyo,Lagelu,8.866928125,1.970399609375,10.837327734374998,200995.09975081743,488.8215045928955
Oyo,Ibarapa Central,145.63533993642764,236.49057316176476,314.6628707755056,138994.09559020068,651.0161139331611
Oyo,Egbeda,5.9112451171875,19.503721032858458,25.414966150045956,382737.74014990503,222.323232904135
Oyo,Ibadan North,23.050059284620104,0.0,23.050059284620104,413855.622545908,4196.565459771249
Oyo,Ibadan North-West,5.911106542968749,2.009066184129902,7.920172727098652,208832.65124913194,369.3495808021695
Oyo,Ibadan North-East,10.83859033203125,1.970606640625,12.809196972656249,440971.465603817,3566.2627563476562
Oyo,Ibadan South-West,16.751414062499997,3.94146953125,20.692883593749997,380164.29128675826,1643.751064300537
Oyo,Ona Ara,14.782903222656252,4.90482891773897,19.687732140395223,357522.3989576072,682.9050668225569
Oyo,Ibadan South-East,32.518395117187495,2.95622529296875,35.47462041015625,358014.884800795,4866.9130859375
Oyo,Oluyole,20.69632177734375,34.498416113281245,54.20915761718749,274714.147033476,689.7191700935364
Oyo,Orelope,9.81878701171875,7.85501513671875,17.673802148437503,139922.90687818348,70.92131727933884
Oyo,Ori-Ire,0.0,165.78656239583333,165.78656239583333,201626.40342369268,322.45823377990257
Oyo,Surulere,24.340150106464456,92.4049914774816,108.18655122472421,189077.00574596168,471.9675762146127
Oyo,Ogo Oluwa,0.0,11.8082302734375,11.8082302734375,88289.80318915726,19.396423161029816
Oyo,Afijio,2.5400607188265933,372.3626269672949,374.90268768612145,178101.77268756088,620.6627526131331
Oyo,Ibarapa East,75.1432249865962,511.7142908976714,571.0986326811425,157913.83668612753,800.3442448236194
Plateau,Jos North,26.604030943244496,555.8116539656096,572.4764282682291,559896.038126933,2311.8225648999214
Plateau,Jos East,11.313105772058824,283.7229294829962,295.036035255055,112579.97534666058,338.8274509728539
Plateau,Jos South,9.619258021599265,518.1108096112896,523.9631271055451,397936.2923969425,2797.8850800025702
Plateau,Barkin Ladi,116.06311759727329,2508.6918026072267,2597.8205345481033,230194.73175632098,7795.554234192886
Plateau,Mangu,24.318414337469363,729.9059522843905,752.2638599812349,384743.224597465,2075.8026826195273
Plateau,Riyom,29.7967398203891,1095.0590306931672,1111.1318789119937,168637.13788746446,3008.983365506985
Plateau,Pankshin,40.22386201171875,899.4905537017454,936.7718105376828,242968.30052400765,1705.4853165202283
Plateau,Kanke,23.524843457031253,464.3745049862134,485.93880225183847,159124.886136269,469.2009324888388
Plateau,Bokkos,131.19560896484387,1528.1189111814504,1609.7941374195793,229691.91479898154,3313.8143997631823
Plateau,Mikang,27.384372176011034,531.1256148908531,555.5659347231137,123071.64552220046,970.9018673234712
Plateau,Shendam,367.4875508655024,1631.7902913664223,1889.685613025813,262467.88649830746,2169.6073433850324
Plateau,Bassa,16.64140810546875,700.6283837059589,711.3963239403339,242954.1839440117,1528.8285104955528
Plateau,Kanam,201.79412788181682,1050.3952010700064,1245.3247899869796,214474.4755693338,1075.8909245596212
Plateau,Wase,483.1445298628983,3696.7106790716953,4081.0022008524857,204798.00664508768,2660.4369763930054
Plateau,Langtang North,38.955692418428306,686.6510438174028,724.6260163139558,182144.11521439912,1243.6809348031002
Plateau,Qua'an Pan,856.1768191394765,3974.0586620109557,4414.06199379405,252442.9623595898,4207.245002185948
Plateau,Langtang South,191.41048351753983,717.3777292995557,845.1503458555453,134488.54098333823,1407.7304122188511
Rivers,Emuoha,752.094332962624,243.1549608279717,985.3509868570007,269361.1591615918,4382.3081616350255
Rivers,Ikwerre,106.6360237086397,54.434807617187495,158.10146169692098,252813.65975748823,1480.1007549169017
Rivers,Ahoada West,2208.5645561676574,1480.2764677102505,3210.50230890892,333169.59259609843,42135.156143352586
Rivers,Ahoada East,1065.6383526374832,614.7574800674014,1509.9838948747695,222143.3514737793,10041.710568960742
Rivers,Etche,55.78383067516852,39.68265892310049,90.51811674670651,334139.26371462306,1101.3498012898015
Rivers,Omumma,68.21769664522057,5.93746083984375,73.16563150850183,134129.95714750604,234.8305642674951
Rivers,Oyigbo,244.62677612974872,50.35631779526656,290.0340170695463,167839.14292757795,1858.297000837326
Rivers,Degema,2339.979722414219,4254.251274087778,6536.330587116307,336463.2931647821,27972.024095161047
Rivers,Eleme,136.8531601091452,64.47567487132352,198.358817890625,254386.8572886319,4664.092541025199
Rivers,Khana,664.1806938779133,95.45141758463541,756.3083285286469,392030.8665271343,11064.174789388508
Rivers,Port Harcourt,540.1008086079188,556.3670628419875,1076.6683994772545,716829.1866910319,39743.6204767143
Rivers,Tai,472.97676523169554,43.51950830001532,513.5262351528044,160831.74419770608,9833.824983490216
Rivers,Okrika,972.5158959800074,1147.148961469824,2087.3094831801436,294931.308027716,24087.87100939658
Rivers,Akuku-Toru,2021.5310057506072,724.5531689648423,2717.95813054152,214329.8239445088,12793.397259637653
Rivers,Ogu /Bolo,124.85423362783388,369.3231256816781,492.1970287431059,98240.39548584902,9557.688491828769
Rivers,Bonny,913.3357103883294,1972.5123584099158,2846.238249266992,236709.4959244814,14886.59270068524
Rivers,Andoni,110.73322984949445,408.46956224532715,511.8277172660071,285318.60760444676,7721.209477680804
Rivers,Opobo /Nkoro,187.39523974379597,250.72455339537382,425.071183287377,199960.63886831314,6795.78748257207
Rivers,Ogba/ Egbema/ Ndoni,6033.027002841617,3298.602794031477,7798.382329980461,378108.2854987108,53330.08763860674
Rivers,Abua /Odual,910.1535725199146,376.5390283379281,1137.2300922809427,376626.5255839501,8075.711452767429
Rivers,Obio/Akpor,486.5245288943791,159.15151761067702,638.7467071495875,618465.5505127038,14410.727951267652
Rivers,Asari-Toru,436.12082683632053,182.64333013825058,613.542499470358,284211.3077217518,15946.26009032586
Rivers,Gokana,76.58810592945778,189.05064584788607,264.6486409375,312004.97081726656,6705.054895301892
Sokoto,Tangaza,0.0,19266.75822521437,19266.75822521437,149045.67924726554,10419.168466160636
Sokoto,Sokoto North,16.4594490234375,151.81719978553923,163.43558445350794,304563.99985329335,6156.454765394622
Sokoto,Sokoto South,0.0,48.77787855392157,48.77787855392157,253932.64291939168,3355.183314689935
Sokoto,Dange-Shuni,0.96940732421875,14272.047277167547,14273.016684491766,252354.97939981055,17113.991956833295
Sokoto,Yabo,42.42391857498469,6386.846425350059,6421.768148157964,150699.83776612466,7665.647413520136
Sokoto,Shagari,46.69031525926778,12785.229017599526,12822.934930578991,204288.233252617,14265.21576927538
Sokoto,Tureta,13.579512109374999,11863.630242497613,11871.390184880427,89309.86883644719,8020.652996360144
Sokoto,Kebbe,70.36674735026043,4302.549781222431,4360.660492482389,160822.70075220108,4442.015182514342
Sokoto,Gudu,10.635875195312499,33245.05180858995,33255.68768378526,120535.05902713146,7046.753087549524
Sokoto,Gada,1.93189111328125,16741.88731415918,16743.81920527246,313458.2629789822,44419.0131515901
Sokoto,Illela,773.063417107456,16067.135651784896,16620.536503321717,210493.73954875412,20837.400097757927
Sokoto,Sabon Birni,4136.215143246394,37819.2711139855,40330.93591772497,324919.00489766285,38987.167380224026
Sokoto,Gwadabawa,9.77691559742647,5380.506357352552,5389.3612996629845,302686.3873606634,13399.187865133847
Sokoto,Goronyo,1476.0904644025743,19425.168756029518,20515.223020901223,237647.07369472334,19991.66916326892
Sokoto,Wurno,134.46044806410845,4430.546863527893,4541.789209443561,211743.1847936418,9759.177707498911
Sokoto,Kware,396.3302289299942,3554.42932767502,3924.5802739231053,175894.96099431452,8996.128195758545
Sokoto,Binji,0.0,6505.583238015361,6505.583238015361,135795.8107155167,16353.110873793968
Sokoto,Rabah,476.5400063476559,37706.93267617632,37930.66427998494,194639.78902671457,18604.485902283355
Sokoto,Wamako,166.59544894033385,5327.326864655339,5437.763013498001,237081.96953467955,9168.046991904517
Sokoto,Silame,53.64252284122241,7667.424836394788,7709.447162556311,136312.63869978522,13448.332595688096
Sokoto,Bodinga,154.27370171262254,2371.7515150746794,2459.1243330958982,227112.98932194075,7416.540627615242
Sokoto,Tambuwal,102.52225746361826,12018.935216282196,12091.397528530972,294796.54594027105,15011.534981841314
Sokoto,Isa,15.484351171875,44983.648750140426,44996.23034984745,195962.49235537509,26927.158935284795
Taraba,Lau,178.78750791590076,4092.345852915137,4210.46957797105,122008.0120355761,3047.698129296303
Taraba,Yorro,10.798404296875,5510.833823067939,5521.632227364814,115225.98456839155,5513.614119238362
Taraba,Jalingo,0.0,248.25539630629578,248.25539630629578,179028.2885457934,1230.8124563602842
Taraba,Gassol,48722.6818321566,67916.72015085381,81957.54181546735,313765.1681515762,39103.91762754269
Taraba,Bali,630.7099347989431,2879.804948202359,3313.5034578626687,270280.9266513361,1383.6132803229434
Taraba,Kurmi,72.78025823337929,804.8940041421567,870.6119956901042,118425.87346288128,176.1323763772115
Taraba,Takum,74.81166097388173,407.89068718635133,463.00549142195183,172005.53164237813,758.249481000386
Taraba,Sardauna,60.65418070733762,7574.384489420538,7621.2274135849075,288913.98056050076,5156.918200199
Taraba,Ussa,600.1552898571534,933.9337704239435,1450.40832122396,116305.99070397626,469.1630681911812
Taraba,Karim Lamido,31804.807063177337,53537.94545209432,66350.23208148219,248756.15554546542,31547.405350111017
Taraba,Ardo-Kola,1285.5202225091866,5935.708649899295,6473.082341760132,113231.94316874599,2266.6223223465922
Taraba,Zing,69.70140097656251,3027.32359562652,3089.1711007046433,163369.09338087094,6405.926369096836
Taraba,Ibi,65673.52503351287,47581.56882718474,78648.9372059565,108133.511968384,32072.126106299467
Taraba,Wukari,12791.378675943335,14063.999492713381,18908.30602811603,305365.74002722866,22013.294298379566
Taraba,Donga,2228.925605117562,5081.419912678473,5943.434375059376,170711.55446590026,7143.7044360982145
Taraba,Gashaka,158.48204052734374,3982.121474604778,4118.944926069622,113266.52922497499,523.1507437253699
Yobe,Yusufari,57.8731940556066,42086.54762935268,42136.79103883798,152889.39786671923,15365.91047571395
Yobe,Machina,0.0,6448.400787666979,6448.400787666979,84115.74036420116,3874.249431105163
Yobe,Nguru,29.089526074984676,8144.8874386132975,8173.007829825,207992.57044039297,20337.537052115855
Yobe,Karasuwa,964.8629557349115,25406.585438299193,25907.328912806297,145810.47356033424,26965.029418570793
Yobe,Borsari,17907.849797997555,40717.336979896936,52047.02283477032,151659.5103471141,25177.130142214486
Yobe,Jakusko,14752.060406357592,34431.94228349228,44298.76856794932,320889.5426489678,43759.24462901763
Yobe,Tarmuwa,1084.4459675111057,17862.506210405125,18686.87198359025,107182.71278054369,4732.7867261681195
Yobe,Nangere,0.0,2245.436025597044,2245.436025597044,121469.25457457306,3000.76923551016
Yobe,Damaturu,17.51495556640625,8218.274270169244,8231.897349661433,121197.25473811424,3817.657605738324
Yobe,Potiskum,1.94673681640625,2700.321662617198,2702.2683994336044,282288.6584769941,15915.940261357675
Yobe,Fika,2.9229392578124997,13277.078789561443,13280.001728819256,188849.4068092199,10433.567574447157
Yobe,Gujba,0.0,10943.433989832642,10943.433989832642,179228.4334575504,5378.690280597817
Yobe,Gulani,373.71357308172503,6091.868733606384,6311.376557627528,142934.32630914735,6873.635636351974
Yobe,Bade,9855.639869186596,9458.602663469701,16347.607636478968,192468.90698053635,52995.69848883315
Yobe,Yunusari,5453.2969628266965,36345.1976823836,38899.24459430548,174349.7509506949,20170.748429477742
Yobe,Geidam,12400.291143087466,50661.273173442336,58656.3588202204,214868.72874816315,30254.569103968544
Yobe,Fune,244.58345332682268,27959.490597392818,28199.822973868755,416031.2573154504,20398.081819319636
Zamfara,Kaura Namoda,32.98681777343751,2952.7641996093816,2982.8405258789135,372087.4342565395,11854.017207472463
Zamfara,Birnin-Magaji/Kiyaw,61.167533404564956,3810.435998914675,3864.8095410106457,240067.4846362248,7872.004730461158
Zamfara,Anka,5.8317576171875,773.8045594726556,779.6363170898431,187489.29625740583,744.908334709324
Zamfara,Bukkuyum,14.5865533203125,1540.0175058080574,1553.6307332494634,282277.53535844386,1276.123287756303
Zamfara,Gummi,140.91155156250005,4573.982158335629,4676.020428941094,270137.46982963005,4895.049664183107
Zamfara,Maru,38.90663203125,7505.460161256506,7540.48059240885,382564.5156642051,8099.208022349839
Zamfara,Shinkafi,87.158978125,7647.838437611047,7734.029028626673,177599.08067979725,11008.529143267402
Zamfara,Maradun,515.4109487048094,14004.33384602252,14486.688305272679,270759.0510377347,15301.69807499472
Zamfara,Bakura,83.40663857421873,19301.58441409552,19364.625392806458,244336.2108794343,11602.641378479379
Zamfara,Talata-Mafara,146.26334226179532,4121.640640142854,4256.355058579592,281301.7785343679,14760.259263367512
Zamfara,Bungudu,43.708682617187506,5450.984532621775,5491.7792971725585,337449.3910250349,13421.62634324414
Zamfara,Gusau,76.75953750000001,11043.349651465569,11113.3077714851,501074.59052505466,17820.562802690034
Zamfara,Tsafe,6.807621484375,8196.042028300772,8202.849649785145,348237.0359338197,12730.900030134357
Zamfara,Zurmi,48.46793955078125,21895.576094998163,21942.105076443477,384045.4161137885,22888.615121752075
