date,month,precipitation,year,precipitation_mean,precipitation_std,z_precipitation
2000-01-01,1,1.9782235949933238,2000,4.3391869797813385,5.937198094161852,-0.3976561582322123
2000-02-01,2,0.0,2000,11.64356935728168,13.29139848912826,-0.8760228930616724
2000-03-01,3,12.47130771978118,2000,33.944871083505596,19.899972018727915,-1.079075053146587
2000-04-01,4,133.20737928897142,2000,113.52077304994008,32.63089800654382,0.6033118130884226
2000-05-01,5,124.34005400849492,2000,176.61005974572427,42.39669549821466,-1.2328792403037747
2000-06-01,6,184.57449436560273,2000,178.15213825905576,34.12013792721124,0.18822772991855527
2000-07-01,7,147.519626343681,2000,205.79268096131557,51.84837348634735,-1.1239128770930287
2000-08-01,8,238.92708172109997,2000,216.6827667095796,69.25379687440768,0.32119993437848054
2000-09-01,9,242.31958009445225,2000,236.8360261560407,46.866101861715556,0.117004694663778
2000-10-01,10,147.5922182497161,2000,156.41062952095487,45.7663167047445,-0.19268343852378636
2000-11-01,11,4.994669988536771,2000,14.43278199392981,13.636496516823462,-0.6921214693047558
2000-12-01,12,5.916476654596181,2000,3.5870408676794963,3.055261729364951,0.7624341196460664
2001-01-01,1,2.480964873007906,2001,4.3391869797813385,5.937198094161852,-0.312979637415274
2001-02-01,2,0.9154483541087757,2001,11.64356935728168,13.29139848912826,-0.8071476460470283
2001-03-01,3,27.880809624173708,2001,33.944871083505596,19.899972018727915,-0.30472713497410875
2001-04-01,4,169.95656140038045,2001,113.52077304994008,32.63089800654382,1.7295199273744382
2001-05-01,5,130.72827014699578,2001,176.61005974572427,42.39669549821466,-1.082202022104779
2001-06-01,6,147.8825595160015,2001,178.15213825905576,34.12013792721124,-0.8871470217274209
2001-07-01,7,183.44335883390158,2001,205.79268096131557,51.84837348634735,-0.4310515571582777
2001-08-01,8,163.88810125761665,2001,216.6827667095796,69.25379687440768,-0.7623360427112248
2001-09-01,9,264.5803382843733,2001,236.8360261560407,46.866101861715556,0.5919910345903256
2001-10-01,10,69.38080166116379,2001,156.41062952095487,45.7663167047445,-1.9016131103853697
2001-11-01,11,0.27100885155959986,2001,14.43278199392981,13.636496516823462,-1.0385199105135774
2001-12-01,12,2.8243869724367414,2001,3.5870408676794963,3.055261729364951,-0.2496198240277358
2002-01-01,1,0.04326262498580036,2002,4.3391869797813385,5.937198094161852,-0.723560892977412
2002-02-01,2,7.00379478794639,2002,11.64356935728168,13.29139848912826,-0.3490809919761571
2002-03-01,3,43.98150834337139,2002,33.944871083505596,19.899972018727915,0.5043543403186842
2002-04-01,4,143.35105196817312,2002,113.52077304994008,32.63089800654382,0.9141727853230047
2002-05-01,5,108.88020079710986,2002,176.61005974572427,42.39669549821466,-1.5975268391251514
2002-06-01,6,115.46860568050761,2002,178.15213825905576,34.12013792721124,-1.8371418284495635
2002-07-01,7,290.30314587056637,2002,205.79268096131557,51.84837348634735,1.629954022212558
2002-08-01,8,263.96176037564874,2002,216.6827667095796,69.25379687440768,0.6826917194418953
2002-09-01,9,223.44166642054915,2002,236.8360261560407,46.866101861715556,-0.2858005936788454
2002-10-01,10,184.87172307819128,2002,156.41062952095487,45.7663167047445,0.6218786130605505
2002-11-01,11,15.813495378826701,2002,14.43278199392981,13.636496516823462,0.10125132824208136
2002-12-01,12,0.6439147608084568,2002,3.5870408676794963,3.055261729364951,-0.9632975396457379
2003-01-01,1,6.932515436411904,2003,4.3391869797813385,5.937198094161852,0.43679331824562667
2003-02-01,2,8.58070713966299,2003,11.64356935728168,13.29139848912826,-0.23043942442354473
2003-03-01,3,15.062310056871866,2003,33.944871083505596,19.899972018727915,-0.948873747604434
2003-04-01,4,80.52890933146682,2003,113.52077304994008,32.63089800654382,-1.0110620833008348
2003-05-01,5,126.13682848561439,2003,176.61005974572427,42.39669549821466,-1.190499180820244
2003-06-01,6,204.669077783823,2003,178.15213825905576,34.12013792721124,0.777163901896764
2003-07-01,7,248.08029049885226,2003,205.79268096131557,51.84837348634735,0.8156014681670163
2003-08-01,8,141.61500277603045,2003,216.6827667095796,69.25379687440768,-1.0839516000788396
2003-09-01,9,229.49042120203376,2003,236.8360261560407,46.866101861715556,-0.1567359917340916
2003-10-01,10,133.7192462655221,2003,156.41062952095487,45.7663167047445,-0.49580968907380774
2003-11-01,11,36.9197186575293,2003,14.43278199392981,13.636496516823462,1.6490259529533242
2003-12-01,12,0.974353826340348,2003,3.5870408676794963,3.055261729364951,-0.8551434452334813
2004-01-01,1,2.954728476375749,2004,4.3391869797813385,5.937198094161852,-0.23318381523549825
2004-02-01,2,0.7936768765503075,2004,11.64356935728168,13.29139848912826,-0.8163093213709659
2004-03-01,3,9.17484911527572,2004,33.944871083505596,19.899972018727915,-1.244726472224119
2004-04-01,4,151.90554840303957,2004,113.52077304994008,32.63089800654382,1.1763321789489762
2004-05-01,5,240.06732509285212,2004,176.61005974572427,42.39669549821466,1.49675026794954
2004-06-01,6,183.4995849015686,2004,178.15213825905576,34.12013792721124,0.15672406289565963
2004-07-01,7,193.52590908587445,2004,205.79268096131557,51.84837348634735,-0.2365893286637274
2004-08-01,8,156.75185749010416,2004,216.6827667095796,69.25379687440768,-0.8653808444345749
2004-09-01,9,244.49365208670497,2004,236.8360261560407,46.866101861715556,0.16339370304914785
2004-10-01,10,169.93980428333452,2004,156.41062952095487,45.7663167047445,0.2956142363315227
2004-11-01,11,4.334543532680982,2004,14.43278199392981,13.636496516823462,-0.7405302710113661
2004-12-01,12,3.103034510755606,2004,3.5870408676794963,3.055261729364951,-0.15841731406248236
2005-01-01,1,2.9566436768909625,2005,4.3391869797813385,5.937198094161852,-0.2328612387465822
2005-02-01,2,19.819087773008505,2005,11.64356935728168,13.29139848912826,0.6150984354591442
2005-03-01,3,31.327846591782873,2005,33.944871083505596,19.899972018727915,-0.1315089533422376
2005-04-01,4,112.50736641192498,2005,113.52077304994008,32.63089800654382,-0.03105665795075174
2005-05-01,5,145.76122385678536,2005,176.61005974572427,42.39669549821466,-0.72762359250942
2005-06-01,6,221.81994108576328,2005,178.15213825905576,34.12013792721124,1.2798249209855008
2005-07-01,7,143.20062010500988,2005,205.79268096131557,51.84837348634735,-1.2072135854519594
2005-08-01,8,108.60335336989738,2005,216.6827667095796,69.25379687440768,-1.560627983122501
2005-09-01,9,190.17164381427574,2005,236.8360261560407,46.866101861715556,-0.9956958331941966
2005-10-01,10,159.07020762464344,2005,156.41062952095487,45.7663167047445,0.058112129076204666
2005-11-01,11,14.007775545782124,2005,14.43278199392981,13.636496516823462,-0.031166835823508758
2005-12-01,12,9.360689075055006,2005,3.5870408676794963,3.055261729364951,1.8897393149278858
2006-01-01,1,17.183877118142846,2006,4.3391869797813385,5.937198094161852,2.1634262382102274
2006-02-01,2,14.846541886118303,2006,11.64356935728168,13.29139848912826,0.24098085174833214
2006-03-01,3,49.11796362322548,2006,33.944871083505596,19.899972018727915,0.7624680338967534
2006-04-01,4,65.76171520513981,2006,113.52077304994008,32.63089800654382,-1.4636145727654395
2006-05-01,5,264.15315568447113,2006,176.61005974572427,42.39669549821466,2.06485658634488
2006-06-01,6,142.23425468429923,2006,178.15213825905576,34.12013792721124,-1.052688698134235
2006-07-01,7,252.80917976261117,2006,205.79268096131557,51.84837348634735,0.9068075937555866
2006-08-01,8,294.7877817613189,2006,216.6827667095796,69.25379687440768,1.1278084173981593
2006-09-01,9,276.7860615061363,2006,236.8360261560407,46.866101861715556,0.8524292348438391
2006-10-01,10,182.86965506826527,2006,156.41062952095487,45.7663167047445,0.5781331654458322
2006-11-01,11,3.935325792306685,2006,14.43278199392981,13.636496516823462,-0.7698059533599648
2006-12-01,12,0.8224703774001227,2006,3.5870408676794963,3.055261729364951,-0.9048555361749651
2007-01-01,1,0.034244963640958304,2007,4.3391869797813385,5.937198094161852,-0.7250797342223604
2007-02-01,2,14.609520525572407,2007,11.64356935728168,13.29139848912826,0.22314816388333675
2007-03-01,3,22.61155968079038,2007,33.944871083505596,19.899972018727915,-0.5695139366050067
2007-04-01,4,103.99040505476296,2007,113.52077304994008,32.63089800654382,-0.2920657590626494
2007-05-01,5,227.69579930230975,2007,176.61005974572427,42.39669549821466,1.2049462571614034
2007-06-01,6,190.52145039808238,2007,178.15213825905576,34.12013792721124,0.3625223369675167
2007-07-01,7,267.98355456897116,2007,205.79268096131557,51.84837348634735,1.1994758837330088
2007-08-01,8,256.6858074469492,2007,216.6827667095796,69.25379687440768,0.5776295675154883
2007-09-01,9,261.04003628343344,2007,236.8360261560407,46.866101861715556,0.5164502522272872
2007-10-01,10,171.50644810125232,2007,156.41062952095487,45.7663167047445,0.3298456084566774
2007-11-01,11,20.21134743838047,2007,14.43278199392981,13.636496516823462,0.42375733659460085
2007-12-01,12,5.798388581590757,2007,3.5870408676794963,3.055261729364951,0.7237833972315356
2008-01-01,1,3.1555334492004476,2008,4.3391869797813385,5.937198094161852,-0.19936231060654647
2008-02-01,2,0.0,2008,11.64356935728168,13.29139848912826,-0.8760228930616724
2008-03-01,3,33.47762700921703,2008,33.944871083505596,19.899972018727915,-0.02347963473761877
2008-04-01,4,125.05853736299014,2008,113.52077304994008,32.63089800654382,0.3535840267324629
2008-05-01,5,174.11256519332528,2008,176.61005974572427,42.39669549821466,-0.05890776446254309
2008-06-01,6,189.541181261593,2008,178.15213825905576,34.12013792721124,0.3337924080738942
2008-07-01,7,239.3057532683015,2008,205.79268096131557,51.84837348634735,0.6463668974265999
2008-08-01,8,295.42143535614014,2008,216.6827667095796,69.25379687440768,1.1369581481482343
2008-09-01,9,210.61456687375903,2008,236.8360261560407,46.866101861715556,-0.5594973390287814
2008-10-01,10,120.44192831440523,2008,156.41062952095487,45.7663167047445,-0.7859208211706676
2008-11-01,11,0.8728744919442306,2008,14.43278199392981,13.636496516823462,-0.99438352697532
2008-12-01,12,8.135632037778578,2008,3.5870408676794963,3.055261729364951,1.48877299983217
2009-01-01,1,19.051236744948255,2009,4.3391869797813385,5.937198094161852,2.4779449046231967
2009-02-01,2,9.107699354619399,2009,11.64356935728168,13.29139848912826,-0.1907903073357181
2009-03-01,3,20.47291197409504,2009,33.944871083505596,19.899972018727915,-0.6769838217225662
2009-04-01,4,152.95665223989636,2009,113.52077304994008,32.63089800654382,1.2085440977458783
2009-05-01,5,164.65472495928407,2009,176.61005974572427,42.39669549821466,-0.2819874201503192
2009-06-01,6,203.85977668513078,2009,178.15213825905576,34.12013792721124,0.7534447393183853
2009-07-01,7,221.60678372718394,2009,205.79268096131557,51.84837348634735,0.3050067283216227
2009-08-01,8,281.66227688640356,2009,216.6827667095796,69.25379687440768,0.9382808323804228
2009-09-01,9,195.0466868430376,2009,236.8360261560407,46.866101861715556,-0.8916751693219099
2009-10-01,10,268.39782152324915,2009,156.41062952095487,45.7663167047445,2.4469347779233632
2009-11-01,11,7.5822323459788095,2009,14.43278199392981,13.636496516823462,-0.5023687454838139
2009-12-01,12,2.291459349472234,2009,3.5870408676794963,3.055261729364951,-0.42404927399675
2010-01-01,1,0.7756671184433799,2010,4.3391869797813385,5.937198094161852,-0.6002022847851461
2010-02-01,2,11.005236549865003,2010,11.64356935728168,13.29139848912826,-0.04802600779284453
2010-03-01,3,4.65464545080431,2010,33.944871083505596,19.899972018727915,-1.4718727044005981
2010-04-01,4,134.28242745995522,2010,113.52077304994008,32.63089800654382,0.6362575251790982
2010-05-01,5,150.02669563889503,2010,176.61005974572427,42.39669549821466,-0.6270150018637342
2010-06-01,6,125.28930945671163,2010,178.15213825905576,34.12013792721124,-1.549314628068527
2010-07-01,7,258.4353636056185,2010,205.79268096131557,51.84837348634735,1.0153198471725389
2010-08-01,8,227.43517449265346,2010,216.6827667095796,69.25379687440768,0.1552609137456166
2010-09-01,9,228.70233949949034,2010,236.8360261560407,46.866101861715556,-0.17355159344273718
2010-10-01,10,162.70016456767917,2010,156.41062952095487,45.7663167047445,0.1374271625855413
2010-11-01,11,12.220589826520154,2010,14.43278199392981,13.636496516823462,-0.162225844789419
2010-12-01,12,2.055058512923324,2010,3.5870408676794963,3.055261729364951,-0.5014242609829048
2011-01-01,1,3.0666249358619098,2011,4.3391869797813385,5.937198094161852,-0.21433713744043012
2011-02-01,2,34.24120975544429,2011,11.64356935728168,13.29139848912826,1.7001702579789792
2011-03-01,3,24.55045093272929,2011,33.944871083505596,19.899972018727915,-0.4720820784036878
2011-04-01,4,98.26648650990683,2011,113.52077304994008,32.63089800654382,-0.4674798265427492
2011-05-01,5,177.35065904445946,2011,176.61005974572427,42.39669549821466,0.017468326010605655
2011-06-01,6,153.69152124412358,2011,178.15213825905576,34.12013792721124,-0.7168967800515406
2011-07-01,7,168.99974264204502,2011,205.79268096131557,51.84837348634735,-0.7096256998102133
2011-08-01,8,167.28286411520094,2011,216.6827667095796,69.25379687440768,-0.7133168840398134
2011-09-01,9,216.9188982322812,2011,236.8360261560407,46.866101861715556,-0.424979401583847
2011-10-01,10,171.55956804780726,2011,156.41062952095487,45.7663167047445,0.33100628622975753
2011-11-01,11,4.776646777347196,2011,14.43278199392981,13.636496516823462,-0.7081096823271108
2011-12-01,12,1.1288353122675971,2011,3.5870408676794963,3.055261729364951,-0.8045810058710903
2012-01-01,1,6.107650640238717,2012,4.3391869797813385,5.937198094161852,0.29786165669566234
2012-02-01,2,13.959434350436368,2012,11.64356935728168,13.29139848912826,0.1742378723389384
2012-03-01,3,31.846209314564476,2012,33.944871083505596,19.899972018727915,-0.10546053868648983
2012-04-01,4,100.21076595335035,2012,113.52077304994008,32.63089800654382,-0.4078958260333666
2012-05-01,5,224.01663222908974,2012,176.61005974572427,42.39669549821466,1.1181666855465604
2012-06-01,6,177.01780118478928,2012,178.15213825905576,34.12013792721124,-0.03324538361147231
2012-07-01,7,295.3071343610063,2012,205.79268096131557,51.84837348634735,1.7264659888175968
2012-08-01,8,178.96235958503894,2012,216.6827667095796,69.25379687440768,-0.5446691564499622
2012-09-01,9,230.47941708378494,2012,236.8360261560407,46.866101861715556,-0.1356334070841171
2012-10-01,10,221.830754654482,2012,156.41062952095487,45.7663167047445,1.4294382822104006
2012-11-01,11,24.940119494616738,2012,14.43278199392981,13.636496516823462,0.770530574896854
2012-12-01,12,1.555123411461409,2012,3.5870408676794963,3.055261729364951,-0.6650551200536361
2013-01-01,1,16.54028573766118,2013,4.3391869797813385,5.937198094161852,2.0550263886053237
2013-02-01,2,12.151746793890197,2013,11.64356935728168,13.29139848912826,0.03823355661363877
2013-03-01,3,57.05540565975389,2013,33.944871083505596,19.899972018727915,1.161335028737674
2013-04-01,4,148.9197864853777,2013,113.52077304994008,32.63089800654382,1.0848311140054645
2013-05-01,5,225.14239689335227,2013,176.61005974572427,42.39669549821466,1.1447198084027967
2013-06-01,6,163.42927669920027,2013,178.15213825905576,34.12013792721124,-0.4315006460778056
2013-07-01,7,221.6939960680902,2013,205.79268096131557,51.84837348634735,0.3066887934481059
2013-08-01,8,96.72497611995277,2013,216.6827667095796,69.25379687440768,-1.732147492319753
2013-09-01,9,218.5097801061347,2013,236.8360261560407,46.866101861715556,-0.3910341445503603
2013-10-01,10,79.81118487060485,2013,156.41062952095487,45.7663167047445,-1.6737078743854674
2013-11-01,11,8.767563636763953,2013,14.43278199392981,13.636496516823462,-0.4154452978576007
2013-12-01,12,9.986999018025244,2013,3.5870408676794963,3.055261729364951,2.094733190559097
2014-01-01,1,11.673888268391238,2014,4.3391869797813385,5.937198094161852,1.2353809275493497
2014-02-01,2,10.628441532957368,2014,11.64356935728168,13.29139848912826,-0.07637479420654181
2014-03-01,3,46.45133632545583,2014,33.944871083505596,19.899972018727915,0.628466473730735
2014-04-01,4,144.5748410273809,2014,113.52077304994008,32.63089800654382,0.9516767810439424
2014-05-01,5,204.9584152335301,2014,176.61005974572427,42.39669549821466,0.6686454015973861
2014-06-01,6,162.718927744776,2014,178.15213825905576,34.12013792721124,-0.4523196989180859
2014-07-01,7,172.87472393950156,2014,205.79268096131557,51.84837348634735,-0.6348889040942031
2014-08-01,8,278.5927073638886,2014,216.6827667095796,69.25379687440768,0.8939573488885122
2014-09-01,9,257.3994826916605,2014,236.8360261560407,46.866101861715556,0.438770363199716
2014-10-01,10,153.47912633245141,2014,156.41062952095487,45.7663167047445,-0.06405372771017757
2014-11-01,11,37.56220776189002,2014,14.43278199392981,13.636496516823462,1.6961413614871859
2014-12-01,12,7.938736552940895,2014,3.5870408676794963,3.055261729364951,1.4243282804337412
2015-01-01,1,0.1009806202200707,2015,4.3391869797813385,5.937198094161852,-0.7138394731563308
2015-02-01,2,31.26626931593477,2015,11.64356935728168,13.29139848912826,1.4763457716434836
2015-03-01,3,64.39719672813953,2015,33.944871083505596,19.899972018727915,1.5302697720366227
2015-04-01,4,41.00340425141985,2015,113.52077304994008,32.63089800654382,-2.222352838220313
2015-05-01,5,137.82066966261482,2015,176.61005974572427,42.39669549821466,-0.9149154109131662
2015-06-01,6,129.84719674885127,2015,178.15213825905576,34.12013792721124,-1.415731132542717
2015-07-01,7,239.4658687664196,2015,205.79268096131557,51.84837348634735,0.6494550463375829
2015-08-01,8,264.8459492721595,2015,216.6827667095796,69.25379687440768,0.6954590901337036
2015-09-01,9,215.68767538107932,2015,236.8360261560407,46.866101861715556,-0.4512504760340919
2015-10-01,10,142.7498908014968,2015,156.41062952095487,45.7663167047445,-0.29848892598433396
2015-11-01,11,9.454590106775868,2015,14.43278199392981,13.636496516823462,-0.3650638476688132
2015-12-01,12,0.4454546106131829,2015,3.5870408676794963,3.055261729364951,-1.0282543805892876
2016-01-01,1,2.406441494298633,2016,4.3391869797813385,5.937198094161852,-0.325531581535608
2016-02-01,2,0.0,2016,11.64356935728168,13.29139848912826,-0.8760228930616724
2016-03-01,3,89.4638133989647,2016,33.944871083505596,19.899972018727915,2.7899005216293813
2016-04-01,4,72.78662502298494,2016,113.52077304994008,32.63089800654382,-1.2483305859000964
2016-05-01,5,197.6800233158283,2016,176.61005974572427,42.39669549821466,0.4969718352457749
2016-06-01,6,171.68911088258028,2016,178.15213825905576,34.12013792721124,-0.18941973183880756
2016-07-01,7,182.73245417233557,2016,205.79268096131557,51.84837348634735,-0.4447627811324148
2016-08-01,8,275.2147758041974,2016,216.6827667095796,69.25379687440768,0.8451812281248072
2016-09-01,9,187.71191460639238,2016,236.8360261560407,46.866101861715556,-1.048180019208666
2016-10-01,10,128.0731285464135,2016,156.41062952095487,45.7663167047445,-0.6191780989795861
2016-11-01,11,5.591870167365414,2016,14.43278199392981,13.636496516823462,-0.6483272162800238
2016-12-01,12,3.0061364146870346,2016,3.5870408676794963,3.055261729364951,-0.19013246800077094
2017-01-01,1,0.6582303764262178,2017,4.3391869797813385,5.937198094161852,-0.6199821102440001
2017-02-01,2,0.0,2017,11.64356935728168,13.29139848912826,-0.8760228930616724
2017-03-01,3,16.68889305887933,2017,33.944871083505596,19.899972018727915,-0.8671357933763234
2017-04-01,4,103.1182493132842,2017,113.52077304994008,32.63089800654382,-0.3187936701763387
2017-05-01,5,164.23891712911427,2017,176.61005974572427,42.39669549821466,-0.29179497296271484
2017-06-01,6,199.36293787456452,2017,178.15213825905576,34.12013792721124,0.6216504652108361
2017-07-01,7,149.335354477269,2017,205.79268096131557,51.84837348634735,-1.0888929138522128
2017-08-01,8,303.0276557346806,2017,216.6827667095796,69.25379687440768,1.2467892436524188
2017-09-01,9,200.62036916799843,2017,236.8360261560407,46.866101861715556,-0.7727473706881193
2017-10-01,10,92.27539894059191,2017,156.41062952095487,45.7663167047445,-1.4013631683345449
2017-11-01,11,1.4738239599150802,2017,14.43278199392981,13.636496516823462,-0.9503143287593814
2017-12-01,12,1.741955447249893,2017,3.5870408676794963,3.055261729364951,-0.6039042098082746
2018-01-01,1,0.011647524330328451,2018,4.3391869797813385,5.937198094161852,-0.7288858122666234
2018-02-01,2,51.785247916617664,2018,11.64356935728168,13.29139848912826,3.0201245258104326
2018-03-01,3,22.836607344743243,2018,33.944871083505596,19.899972018727915,-0.5582049928667406
2018-04-01,4,124.45964145072503,2018,113.52077304994008,32.63089800654382,0.33523038190954063
2018-05-01,5,197.4210072606802,2018,176.61005974572427,42.39669549821466,0.4908624898804267
2018-06-01,6,147.38978089392185,2018,178.15213825905576,34.12013792721124,-0.9015894786462907
2018-07-01,7,217.48887176252902,2018,205.79268096131557,51.84837348634735,0.22558452685682173
2018-08-01,8,209.755608683452,2018,216.6827667095796,69.25379687440768,-0.10002567857311914
2018-09-01,9,230.35283983498812,2018,236.8360261560407,46.866101861715556,-0.1383342344149308
2018-10-01,10,149.91374315337453,2018,156.41062952095487,45.7663167047445,-0.14195781603955965
2018-11-01,11,23.20769595308957,2018,14.43278199392981,13.636496516823462,0.6434874198320715
2018-12-01,12,0.2146969991597416,2018,3.5870408676794963,3.055261729364951,-1.1037823162929843
2019-01-01,1,0.7675862356936705,2019,4.3391869797813385,5.937198094161852,-0.6015633447702686
2019-02-01,2,23.43653541369713,2019,11.64356935728168,13.29139848912826,0.8872629968969437
2019-03-01,3,23.5449817144181,2019,33.944871083505596,19.899972018727915,-0.522608240820647
2019-04-01,4,71.61490373401466,2019,113.52077304994008,32.63089800654382,-1.2842389231066085
2019-05-01,5,158.93500945344567,2019,176.61005974572427,42.39669549821466,-0.4168968851127301
2019-06-01,6,225.70352143095806,2019,178.15213825905576,34.12013792721124,1.3936456902180185
2019-07-01,7,198.264366956515,2019,205.79268096131557,51.84837348634735,-0.14519865327661455
2019-08-01,8,223.18529537506402,2019,216.6827667095796,69.25379687440768,0.09389418283125772
2019-09-01,9,383.38292149454355,2019,236.8360261560407,46.866101861715556,3.126927342301868
2019-10-01,10,201.93741837888956,2019,156.41062952095487,45.7663167047445,0.9947662852495845
2019-11-01,11,43.4854978047224,2019,14.43278199392981,13.636496516823462,2.1305117318770264
2019-12-01,12,1.600703947373404,2019,3.5870408676794963,3.055261729364951,-0.650136419153511
2020-01-01,1,0.009138961282587843,2020,4.3391869797813385,5.937198094161852,-0.7293083285795299
2020-02-01,2,0.0,2020,11.64356935728168,13.29139848912826,-0.8760228930616724
2020-03-01,3,50.66926348155539,2020,33.944871083505596,19.899972018727915,0.84042291025889
2020-04-01,4,98.86393143597707,2020,113.52077304994008,32.63089800654382,-0.44917064835370807
2020-05-01,5,210.07470076158643,2020,176.61005974572427,42.39669549821466,0.789321918196935
2020-06-01,6,222.84313810011372,2020,178.15213825905576,34.12013792721124,1.3098129889274663
2020-07-01,7,203.11039220704697,2020,205.79268096131557,51.84837348634735,-0.05173332496100181
2020-08-01,8,81.46807527655415,2020,216.6827667095796,69.25379687440768,-1.9524516710360065
2020-09-01,9,325.0378051921725,2020,236.8360261560407,46.866101861715556,1.8819952061808445
2020-10-01,10,130.66642007067549,2020,156.41062952095487,45.7663167047445,-0.5625143403251094
2020-11-01,11,0.802501616479276,2020,14.43278199392981,13.636496516823462,-0.9995441542213384
2020-12-01,12,5.758518035606585,2020,3.5870408676794963,3.055261729364951,0.7107336000239951
2021-01-01,1,0.8789235846888914,2021,4.3391869797813385,5.937198094161852,-0.5828108377409511
2021-02-01,2,3.651496891048737,2021,11.64356935728168,13.29139848912826,-0.601296580850396
2021-03-01,3,38.15384863736108,2021,33.944871083505596,19.899972018727915,0.2115067071398092
2021-04-01,4,108.37999908418965,2021,113.52077304994008,32.63089800654382,-0.1575431348754022
2021-05-01,5,176.94764303788543,2021,176.61005974572427,42.39669549821466,0.00796249066570228
2021-06-01,6,238.684010989964,2021,178.15213825905576,34.12013792721124,1.7740805403554163
2021-07-01,7,94.80853287997888,2021,205.79268096131557,51.84837348634735,-2.1405521642942356
2021-08-01,8,293.6974648507312,2021,216.6827667095796,69.25379687440768,1.112064632078128
2021-09-01,9,177.6044787336141,2021,236.8360261560407,46.866101861715556,-1.2638462570921065
2021-10-01,10,198.2471969267972,2021,156.41062952095487,45.7663167047445,0.9141344643429697
2021-11-01,11,36.29510473744449,2021,14.43278199392981,13.636496516823462,1.6032213784928517
2021-12-01,12,3.6118746804065722,2021,3.5870408676794963,3.055261729364951,0.00812821123911953
2022-01-01,1,0.03300407883580192,2022,4.3391869797813385,5.937198094161852,-0.725288735974614
2022-02-01,2,0.0,2022,11.64356935728168,13.29139848912826,-0.8760228930616724
2022-03-01,3,44.8406891346749,2022,33.944871083505596,19.899972018727915,0.5475293151626155
2022-04-01,4,125.27259175330983,2022,113.52077304994008,32.63089800654382,0.36014389493703275
2022-05-01,5,130.888456963934,2022,176.61005974572427,42.39669549821466,-1.0784237366734306
2022-06-01,6,195.76172034535557,2022,178.15213825905576,34.12013792721124,0.5161052432984436
2022-07-01,7,142.93663820694928,2022,205.79268096131557,51.84837348634735,-1.212305006461147
2022-08-01,8,181.20626920554787,2022,216.6827667095796,69.25379687440768,-0.512267905951332
2022-09-01,9,152.80956776531093,2022,236.8360261560407,46.866101861715556,-1.7929047873164405
2022-10-01,10,243.04540410867048,2022,156.41062952095487,45.7663167047445,1.8929811447713547
2022-11-01,11,3.3267166242503663,2022,14.43278199392981,13.636496516823462,-0.8144368574419241
2022-12-01,12,13.192475074400136,2022,3.5870408676794963,3.055261729364951,3.143898970880367
2023-01-01,1,2.995532768419814,2023,4.3391869797813385,5.937198094161852,-0.22631116396179582
2023-02-01,2,0.01001058443216607,2023,11.64356935728168,13.29139848912826,-0.8752697304474933
2023-03-01,3,86.31812702983734,2023,33.944871083505596,19.899972018727915,2.6318256074452338
2023-04-01,4,138.20024922676384,2023,113.52077304994008,32.63089800654382,0.7563223105865652
2023-05-01,5,186.75184177521078,2023,176.61005974572427,42.39669549821466,0.23921161567682983
2023-06-01,6,160.26613636035472,2023,178.15213825905576,34.12013792721124,-0.5242066118506727
2023-07-01,7,221.92003187164664,2023,205.79268096131557,51.84837348634735,0.3110483478247916
2023-08-01,8,167.20137143693864,2023,216.6827667095796,69.25379687440768,-0.7144936090995251
2023-09-01,9,242.16308087669313,2023,236.8360261560407,46.866101861715556,0.11366541079884529
2023-10-01,10,116.85294383205473,2023,156.41062952095487,45.7663167047445,-0.8643406010604142
2023-11-01,11,20.517409146836144,2023,14.43278199392981,13.636496516823462,0.44620164317129973
2023-12-01,12,0.6679307281303863,2023,3.5870408676794963,3.055261729364951,-0.955437012643712
2024-01-01,1,0.014257086397265084,2024,4.3391869797813385,5.937198094161852,-0.7284462847276143
2024-02-01,2,4.404908271786553,2024,11.64356935728168,13.29139848912826,-0.544612449278081
2024-03-01,3,41.97374349921665,2024,33.944871083505596,19.899972018727915,0.40346149271743015
2024-04-01,4,128.69545761754853,2024,113.52077304994008,32.63089800654382,0.4650403603531018
2024-05-01,5,149.37527700170176,2024,176.61005974572427,42.39669549821466,-0.6423798464474519
2024-06-01,6,206.46470619365573,2024,178.15213825905576,34.12013792721124,0.8297905475938988
2024-07-01,7,194.27781841016986,2024,205.79268096131557,51.84837348634735,-0.22208724742691863
2024-08-01,8,115.98388966679704,2024,216.6827667095796,69.25379687440768,-1.4540556848514858
2024-09-01,9,261.8331608345907,2024,236.8360261560407,46.866101861715556,0.5333734551319677
2024-10-01,10,293.0139252399931,2024,156.41062952095487,45.7663167047445,2.98479986056813
2024-11-01,11,0.0,2024,14.43278199392981,13.636496516823462,-1.058393699299814
2024-12-01,12,6.275371641584115,2024,3.5870408676794963,3.055261729364951,0.8799019567018895
2025-01-01,1,0.009151050140644656,2025,4.3391869797813385,5.937198094161852,-0.7293062924577995
2025-02-01,2,16.151182563214206,2025,11.64356935728168,13.29139848912826,0.33913761667890274
2025-03-01,3,30.573673261722433,2025,33.944871083505596,19.899972018727915,-0.16940716392015626
2025-04-01,4,226.03709664534108,2025,113.52077304994008,32.63089800654382,3.4481528388473066
2025-05-01,5,101.30083744146395,2025,176.61005974572427,42.39669549821466,-1.7762993417124127
2025-06-01,6,185.43712086603045,2025,178.15213825905576,34.12013792721124,0.21350976430739538
2025-07-01,7,188.33898485016834,2025,205.79268096131557,51.84837348634735,-0.33662957847160063
2025-08-01,8,148.8607151481283,2025,216.6827667095796,69.25379687440768,-0.9793261109487923
2025-09-01,9,259.26418487075716,2025,236.8360261560407,46.866101861715556,0.47855822916302315
2025-10-01,10,204.26557121465157,2025,156.41062952095487,45.7663167047445,1.0456367289163053
2025-11-01,11,18.356133202170895,2025,14.43278199392981,13.636496516823462,0.2877096183320117
2025-12-01,12,8.036065064521836,2025,3.5870408676794963,3.055261729364951,1.45618431117752
2026-01-01,1,1.7111528511231882,2026,4.3391869797813385,5.937198094161852,-0.44263878128680617
2026-02-01,2,32.67022937920592,2026,11.64356935728168,13.29139848912826,1.581974992257065
2026-03-01,3,58.16640804849885,2026,33.944871083505596,19.899972018727915,1.2171643730050627
2026-04-01,4,103.71278402071039,2026,113.52077304994008,32.63089800654382,-0.3005736779681266
2026-05-01,5,170.47838599048555,2026,176.61005974572427,42.39669549821466,-0.14462621869897688
2026-06-01,6,183.21740674041212,2026,178.15213825905576,34.12013792721124,0.14845392747714364
2026-07-01,7,178.1962517858774,2026,205.79268096131557,51.84837348634735,-0.5322525533555037
2026-08-01,8,,2026,216.6827667095796,69.25379687440768,
2026-09-01,9,,2026,236.8360261560407,46.866101861715556,
